123001,0.001400268985889852,0.002039822284132242,3
123002,0.001400268985889852,0.0020590745843946934,3
123003,0.001400268985889852,0.0019418554147705436,3
123004,0.001400268985889852,0.0021063850726932287,3
123005,0.001400268985889852,0.0020890356972813606,3
123006,0.001400268985889852,0.0017986486200243235,3
123007,0.001400268985889852,0.002773622516542673,3
123008,0.001400268985889852,0.001764393295161426,3
123009,0.001400268985889852,0.008923721499741077,3
123010,0.001400268985889852,0.01287012081593275,3
123011,0.001400268985889852,0.042040299624204636,3
123012,0.001400268985889852,0.030949905514717102,3
123013,0.001400268985889852,0.027064548805356026,3
123014,0.001400268985889852,0.026420973241329193,3
123015,0.001400268985889852,0.02652897872030735,3
123016,0.001400268985889852,0.026735002174973488,3
123017,0.001400268985889852,0.0270405150949955,3
123018,0.001400268985889852,0.027450986206531525,3
123019,0.001400268985889852,0.028851885348558426,3
123020,0.001400268985889852,0.03188658505678177,3
123021,0.001400268985889852,0.03533044457435608,3
123022,0.001400268985889852,0.029166923835873604,3
123023,0.001400268985889852,0.02554030902683735,3
123024,0.001400268985889852,0.021515388041734695,3
123025,0.001400268985889852,0.018529821187257767,3
123026,0.001400268985889852,0.01696164160966873,3
123027,0.001400268985889852,0.016086895018815994,3
123028,0.001400268985889852,0.01517504546791315,3
123029,0.001400268985889852,0.014755848795175552,3
123030,0.001400268985889852,0.014531285502016544,3
123031,0.001400268985889852,0.013464801013469696,3
123032,0.001400268985889852,0.012524698860943317,3
123033,0.001400268985889852,0.011178931221365929,3
123034,0.001400268985889852,0.009889975190162659,3
123035,0.001400268985889852,0.00968171376734972,3
123036,0.001400268985889852,0.02372380718588829,3
123037,0.001400268985889852,0.008290876634418964,3
123038,0.001400268985889852,0.007345531601458788,3
123039,0.001400268985889852,0.006429147440940142,3
123040,0.001400268985889852,0.005965134594589472,3
123041,0.001400268985889852,0.0053879632614552975,3
123042,0.001400268985889852,0.005017041228711605,3
123043,0.001400268985889852,0.005206109490245581,3
123044,0.001400268985889852,0.004535458516329527,3
123045,0.001400268985889852,0.0037100890185683966,3
123046,0.001400268985889852,0.002434352645650506,3
123047,0.001400268985889852,0.0015900323633104563,3
123048,0.001400268985889852,0.001876539783552289,3
123049,0.001400268985889852,0.0016026205848902464,3
123050,0.001400268985889852,0.001384042901918292,3
123051,0.001400268985889852,0.0012123383348807693,3
123052,0.001400268985889852,0.0013540064683184028,3
123053,0.001400268985889852,0.0019813543185591698,3
123054,0.001400268985889852,0.002020801417529583,3
123055,0.001400268985889852,0.0019528298871591687,3
123056,0.001400268985889852,0.0018226525280624628,3
123057,0.001400268985889852,0.0016126709524542093,3
123058,0.001400268985889852,0.0015088124200701714,3
123059,0.001400268985889852,0.003294820198789239,3
123060,0.001400268985889852,0.0013292914954945445,3
123061,0.001400268985889852,0.01654799096286297,3
123062,0.001400268985889852,0.0014348000986501575,3
123063,0.001400268985889852,0.0036014507059007883,3
123064,0.001400268985889852,0.00440607126802206,3
123065,0.001400268985889852,0.009795138612389565,3
123066,0.001400268985889852,0.001998328138142824,3
123067,0.001400268985889852,0.002610667608678341,3
123068,0.001400268985889852,0.0031676949001848698,3
123069,0.001400268985889852,0.0030993791297078133,3
123070,0.001400268985889852,0.002116176765412092,3
123071,0.001400268985889852,0.0032079971861094236,3
123072,0.001400268985889852,0.004717703443020582,3
123073,0.001400268985889852,0.003338354639708996,3
123074,0.001400268985889852,0.012488140724599361,3
123075,0.001400268985889852,0.0029069576412439346,3
123076,0.001400268985889852,0.007745399139821529,3
123077,0.001400268985889852,0.006986547261476517,3
123078,0.001400268985889852,0.00543250422924757,3
123079,0.001400268985889852,0.0042305574752390385,3
123080,0.001400268985889852,0.004014044534415007,3
123081,0.001400268985889852,0.002869605552405119,3
123082,0.001400268985889852,0.0015639769844710827,3
123083,0.001400268985889852,0.0021888376213610172,3
123084,0.001400268985889852,0.002405849751085043,3
123085,0.001400268985889852,0.0019414486596360803,3
123086,0.001400268985889852,0.0014793220907449722,3
123087,0.001400268985889852,0.0017834785394370556,3
123088,0.001400268985889852,0.0027341521345078945,3
123089,0.001400268985889852,0.0029113623313605785,3
123090,0.001400268985889852,0.0015762927941977978,3
123091,0.001400268985889852,0.0019822169560939074,3
123092,0.001400268985889852,0.0018271561712026596,3
123093,0.001400268985889852,0.0011812837328761816,3
123094,0.001400268985889852,0.0011909209424629807,3
123095,0.001400268985889852,0.0011150488862767816,3
123096,0.001400268985889852,0.0008401870727539062,3
123097,0.001400268985889852,0.0012255341280251741,3
123098,0.001400268985889852,0.0008913341443985701,3
123099,0.001400268985889852,0.0009199444320984185,3
123100,0.001400268985889852,0.0009319911478087306,3
123101,0.001400268985889852,0.0014718982856720686,3
123102,0.001400268985889852,0.004509243182837963,3
123103,0.001400268985889852,0.007287461310625076,3
123104,0.001400268985889852,0.00996389426290989,3
123105,0.001400268985889852,0.006030132994055748,3
123106,0.001400268985889852,0.007734010927379131,3
123107,0.001400268985889852,0.004561102949082851,3
123108,0.001400268985889852,0.005910566542297602,3
123109,0.001400268985889852,0.006511203944683075,3
123110,0.001400268985889852,0.006896456703543663,3
123111,0.001400268985889852,0.0056671560741961,3
123112,0.001400268985889852,0.0042890096083283424,3
123113,0.001400268985889852,0.0037009434308856726,3
123114,0.001400268985889852,0.0034531927667558193,3
123115,0.001400268985889852,0.0030589979141950607,3
123116,0.001400268985889852,0.0027035088278353214,3
123117,0.001400268985889852,0.002907289657741785,3
123118,0.001400268985889852,0.0025237177032977343,3
123119,0.001400268985889852,0.0020674439147114754,3
123120,0.001400268985889852,0.0016742763109505177,3
123121,0.001400268985889852,0.001300585689023137,3
123122,0.001400268985889852,0.001108477241359651,3
123123,0.001400268985889852,0.0012262945529073477,3
123124,0.001400268985889852,0.0014193722745403647,3
123125,0.001400268985889852,0.001621996983885765,3
123126,0.001400268985889852,0.0012446852633729577,3
123127,0.001400268985889852,0.0011527900351211429,3
123128,0.001400268985889852,0.0012043670285493135,3
123129,0.001400268985889852,0.001049652579240501,3
123130,0.001400268985889852,0.0010236294474452734,3
123131,0.001400268985889852,0.001245546038262546,3
123132,0.001400268985889852,0.0008165006875060499,3
123133,0.001400268985889852,0.0011242374312132597,3
123134,0.001400268985889852,0.0012812907807528973,3
123135,0.001400268985889852,0.0008133960072882473,3
123136,0.001400268985889852,0.0013471245765686035,3
123137,0.001400268985889852,0.0016712930519133806,3
123138,0.001400268985889852,0.0009956273715943098,3
123139,0.001400268985889852,0.0013522779336199164,3
123140,0.001400268985889852,0.0008055476355366409,3
123141,0.001400268985889852,0.001362905721180141,3
123142,0.001400268985889852,0.0019292104989290237,3
123143,0.001400268985889852,0.0012152837589383125,3
123144,0.001400268985889852,0.0012311229947954416,3
123145,0.001400268985889852,0.0009608120890334249,3
123146,0.001400268985889852,0.0012677524937316775,3
123147,0.001400268985889852,0.0008425973355770111,3
123148,0.001400268985889852,0.0013686355669051409,3
123149,0.001400268985889852,0.001508483663201332,3
123150,0.001400268985889852,0.0022354742977768183,3
123151,0.001400268985889852,0.0009701630915515125,3
123152,0.001400268985889852,0.0006959561142139137,3
123153,0.001400268985889852,0.0008167726919054985,3
123154,0.001400268985889852,0.0007397009176202118,3
123155,0.001400268985889852,0.0007793766562826931,3
123156,0.001400268985889852,0.0006269748555496335,3
123157,0.001400268985889852,0.0005449348827823997,3
123158,0.001400268985889852,0.0009132647537626326,3
123159,0.001400268985889852,0.0010614291531965137,3
123160,0.001400268985889852,0.0008436753414571285,3
123161,0.001400268985889852,0.0008922953275032341,3
123162,0.001400268985889852,0.0008825079421512783,3
123163,0.001400268985889852,0.0006352104828692973,3
123164,0.001400268985889852,0.0010948888957500458,3
123165,0.001400268985889852,0.0009371632477268577,3
123166,0.001400268985889852,0.0007312300731427968,3
123167,0.001400268985889852,0.0036467688623815775,3
123168,0.001400268985889852,0.004240681882947683,3
123169,0.001400268985889852,0.0019121762597933412,3
123170,0.001400268985889852,0.008968248032033443,3
123171,0.001400268985889852,0.002806674223393202,3
123172,0.001400268985889852,0.004443150479346514,3
123173,0.001400268985889852,0.008674436248838902,3
123174,0.001400268985889852,0.002509042387828231,3
123175,0.001400268985889852,0.000934314914047718,3
123176,0.001400268985889852,0.0011985368328168988,3
123177,0.001400268985889852,0.0009705594857223332,3
123178,0.001400268985889852,0.0007967808633111417,3
123179,0.001400268985889852,0.0005932526546530426,3
123180,0.001400268985889852,0.0007192224729806185,3
123181,0.001400268985889852,0.0018270484870299697,3
123182,0.001400268985889852,0.0009352219058200717,3
123183,0.001400268985889852,0.0007864167564548552,3
123184,0.001400268985889852,0.0007903779624029994,3
123185,0.001400268985889852,0.0008329217089340091,3
123186,0.001400268985889852,0.0009628334664739668,3
123187,0.001400268985889852,0.002570065902546048,3
123188,0.001400268985889852,0.0016063383081927896,3
123189,0.001400268985889852,0.003759942250326276,3
123190,0.001400268985889852,0.0019106778781861067,3
123191,0.001400268985889852,0.006580704357475042,3
123192,0.001400268985889852,0.0017836411716416478,3
123193,0.001400268985889852,0.0017558963736519217,3
123194,0.001400268985889852,0.0014360086061060429,3
123195,0.001400268985889852,0.0014008667785674334,3
123196,0.001400268985889852,0.001496025244705379,3
123197,0.001400268985889852,0.0017018168000504375,3
123198,0.001400268985889852,0.0017325985245406628,3
123199,0.001400268985889852,0.0016384837217628956,3
123200,0.001400268985889852,0.0013453976716846228,3
123201,0.001400268985889852,0.0012777821393683553,3
123202,0.001400268985889852,0.0011499880347400904,3
123203,0.001400268985889852,0.0010614682687446475,3
123204,0.001400268985889852,0.0007109662983566523,3
123205,0.001400268985889852,0.0006608605035580695,3
123206,0.001400268985889852,0.000747961807064712,3
123207,0.001400268985889852,0.0009166625095531344,3
123208,0.001400268985889852,0.0010628120508044958,3
123209,0.001400268985889852,0.0009447911870665848,3
123210,0.001400268985889852,0.0007993389153853059,3
123211,0.001400268985889852,0.0007813361007720232,3
123212,0.001400268985889852,0.0006318886880762875,3
123213,0.001400268985889852,0.0005913908826187253,3
123214,0.001400268985889852,0.0005850692978128791,3
123215,0.001400268985889852,0.0006682304083369672,3
123216,0.001400268985889852,0.0008189563523046672,3
123217,0.001400268985889852,0.0008789434214122593,3
123218,0.001400268985889852,0.0009441548609174788,3
123219,0.001400268985889852,0.001011243206448853,3
123220,0.001400268985889852,0.0008654703851789236,3
123221,0.001400268985889852,0.000868601375259459,3
123222,0.001400268985889852,0.0008065865840762854,3
123223,0.001400268985889852,0.0005797222838737071,3
123224,0.001400268985889852,0.0004775421984959394,3
123225,0.001400268985889852,0.0005226716748438776,3
123226,0.001400268985889852,0.0007974450709298253,3
123227,0.001400268985889852,0.0012465507024899125,3
123228,0.001400268985889852,0.001326843979768455,3
123229,0.001400268985889852,0.0014355232706293464,3
123230,0.001400268985889852,0.001464758301153779,3
123231,0.001400268985889852,0.0017677241703495383,3
123232,0.001400268985889852,0.00888347253203392,3
123233,0.001400268985889852,0.02254009246826172,3
123234,0.001400268985889852,0.006357095669955015,3
123235,0.001400268985889852,0.005685897544026375,3
123236,0.001400268985889852,0.0018434157827869058,3
123237,0.001400268985889852,0.0009386721067130566,3
123238,0.001400268985889852,0.007983135059475899,3
123239,0.001400268985889852,0.003901968477293849,3
123240,0.001400268985889852,0.0045078592374920845,3
123241,0.001400268985889852,0.02551797218620777,3
123242,0.001400268985889852,0.013112608343362808,3
123243,0.001400268985889852,0.009976422414183617,3
123244,0.001400268985889852,0.004483055789023638,3
123245,0.001400268985889852,0.021780353039503098,3
123246,0.001400268985889852,0.008809588849544525,3
123247,0.001400268985889852,0.005593159701675177,3
123248,0.001400268985889852,0.016753794625401497,3
123249,0.001400268985889852,0.004477065522223711,3
123250,0.001400268985889852,0.0029426771216094494,3
123251,0.001400268985889852,0.006780956871807575,3
123252,0.001400268985889852,0.00795363076031208,3
123253,0.001400268985889852,0.0030442331917583942,3
123254,0.001400268985889852,0.0024830694310367107,3
123255,0.001400268985889852,0.006954362615942955,3
123256,0.001400268985889852,0.0022385120391845703,3
123257,0.001400268985889852,0.002415948547422886,3
123258,0.001400268985889852,0.004808730911463499,3
123259,0.001400268985889852,0.005664437543600798,3
123260,0.001400268985889852,0.003301044460386038,3
123261,0.001400268985889852,0.002535461215302348,3
123262,0.001400268985889852,0.008470018394291401,3
123263,0.001400268985889852,0.004765959922224283,3
123264,0.001400268985889852,0.0017139468109235168,3
123265,0.001400268985889852,0.0056542945094406605,3
123266,0.001400268985889852,0.003935626707971096,3
123267,0.001400268985889852,0.0086794039234519,3
123268,0.001400268985889852,0.004954375792294741,3
123269,0.001400268985889852,0.007686761673539877,3
123270,0.001400268985889852,0.01195922028273344,3
123271,0.001400268985889852,0.002298096427693963,3
123272,0.001400268985889852,0.0017797132022678852,3
123273,0.001400268985889852,0.0011422482784837484,3
123274,0.001400268985889852,0.0018597209127619863,3
123275,0.001400268985889852,0.0017683889018371701,3
123276,0.001400268985889852,0.0021819353569298983,3
123277,0.001400268985889852,0.0017512597842141986,3
123278,0.001400268985889852,0.0014798978809267282,3
123279,0.001400268985889852,0.0016292826039716601,3
123280,0.001400268985889852,0.0032060272060334682,3
123281,0.001400268985889852,0.005174338351935148,3
123282,0.001400268985889852,0.004194856155663729,3
123283,0.001400268985889852,0.0026929560117423534,3
123284,0.001400268985889852,0.0015740599483251572,3
123285,0.001400268985889852,0.002381471451371908,3
123286,0.001400268985889852,0.004046320449560881,3
123287,0.001400268985889852,0.001064311945810914,3
123288,0.001400268985889852,0.0011616365518420935,3
123289,0.001400268985889852,0.0008274398278445005,3
123290,0.001400268985889852,0.0010567595018073916,3
123291,0.001400268985889852,0.0008914078935049474,3
123292,0.001400268985889852,0.0011399629293009639,3
123293,0.001400268985889852,0.0011849268339574337,3
123294,0.001400268985889852,0.00161056499928236,3
123295,0.001400268985889852,0.0019891036208719015,3
123296,0.001400268985889852,0.002320928266271949,3
123297,0.001400268985889852,0.002786024007946253,3
123298,0.001400268985889852,0.002712454181164503,3
123299,0.001400268985889852,0.0025570292491465807,3
123300,0.001400268985889852,0.002005074406042695,3
123301,0.001400268985889852,0.0018155728466808796,3
123302,0.001400268985889852,0.0015064390609040856,3
123303,0.001400268985889852,0.0017677852883934975,3
123304,0.001400268985889852,0.002606406109407544,3
123305,0.001400268985889852,0.0030493205413222313,3
123306,0.001400268985889852,0.0028595549520105124,3
123307,0.001400268985889852,0.0032784813083708286,3
123308,0.001400268985889852,0.003315226174890995,3
123309,0.001400268985889852,0.006725658662617207,3
123310,0.001400268985889852,0.0055387807078659534,3
123311,0.001400268985889852,0.008902971632778645,3
123312,0.001400268985889852,0.003639042843133211,3
123313,0.001400268985889852,0.004717583302408457,3
123314,0.001400268985889852,0.003321228316053748,3
123315,0.001400268985889852,0.002366304164752364,3
123316,0.001400268985889852,0.0023288079537451267,3
123317,0.001400268985889852,0.0019997376948595047,3
123318,0.001400268985889852,0.004467178136110306,3
123319,0.001400268985889852,0.004639971535652876,3
123320,0.001400268985889852,0.0031862182077020407,3
123321,0.001400268985889852,0.0027486870530992746,3
123322,0.001400268985889852,0.007944385521113873,3
123323,0.001400268985889852,0.006213237065821886,3
123324,0.001400268985889852,0.0043938374146819115,3
123325,0.001400268985889852,0.004024582915008068,3
123326,0.001400268985889852,0.0026073558256030083,3
123327,0.001400268985889852,0.001994493417441845,3
123328,0.001400268985889852,0.002500225557014346,3
123329,0.001400268985889852,0.0020847730338573456,3
123330,0.001400268985889852,0.0023495671339333057,3
123331,0.001400268985889852,0.0024388255551457405,3
123332,0.001400268985889852,0.002939933445304632,3
123333,0.001400268985889852,0.00304029555991292,3
123334,0.001400268985889852,0.002823038026690483,3
123335,0.001400268985889852,0.0024616308510303497,3
123336,0.001400268985889852,0.002079722937196493,3
123337,0.001400268985889852,0.0021022334694862366,3
123338,0.001400268985889852,0.002039822284132242,3
123339,0.001400268985889852,0.0020590745843946934,3
123340,0.001400268985889852,0.0019418554147705436,3
123341,0.001400268985889852,0.0021063850726932287,3
123342,0.001400268985889852,0.0020890356972813606,3
123343,0.001400268985889852,0.0017986486200243235,3
123344,0.001400268985889852,0.002773622516542673,3
123345,0.001400268985889852,0.001764393295161426,3
123346,0.001400268985889852,0.008923721499741077,3
123347,0.001400268985889852,0.01287012081593275,3
123348,0.001400268985889852,0.042040299624204636,3
123349,0.001400268985889852,0.030949905514717102,3
123350,0.001400268985889852,0.027064548805356026,3
123351,0.001400268985889852,0.026420973241329193,3
123352,0.001400268985889852,0.02652897872030735,3
123353,0.001400268985889852,0.026735002174973488,3
123354,0.001400268985889852,0.0270405150949955,3
123355,0.001400268985889852,0.027450986206531525,3
123356,0.001400268985889852,0.028851885348558426,3
123357,0.001400268985889852,0.03188658505678177,3
123358,0.001400268985889852,0.03533044457435608,3
123359,0.001400268985889852,0.029166923835873604,3
123360,0.001400268985889852,0.02554030902683735,3
123361,0.001400268985889852,0.021515388041734695,3
123362,0.001400268985889852,0.018529821187257767,3
123363,0.001400268985889852,0.01696164160966873,3
123364,0.001400268985889852,0.016086895018815994,3
123365,0.001400268985889852,0.01517504546791315,3
123366,0.001400268985889852,0.014755848795175552,3
123367,0.001400268985889852,0.014531285502016544,3
123368,0.001400268985889852,0.013464801013469696,3
123369,0.001400268985889852,0.012524698860943317,3
123370,0.001400268985889852,0.011178931221365929,3
123371,0.001400268985889852,0.009889975190162659,3
123372,0.001400268985889852,0.00968171376734972,3
123373,0.001400268985889852,0.02372380718588829,3
123374,0.001400268985889852,0.008290876634418964,3
123375,0.001400268985889852,0.007345531601458788,3
123376,0.001400268985889852,0.006429147440940142,3
123377,0.001400268985889852,0.005965134594589472,3
123378,0.001400268985889852,0.0053879632614552975,3
123379,0.001400268985889852,0.005017041228711605,3
123380,0.001400268985889852,0.005206109490245581,3
123381,0.001400268985889852,0.004535458516329527,3
123382,0.001400268985889852,0.0037100890185683966,3
123383,0.001400268985889852,0.002434352645650506,3
123384,0.001400268985889852,0.0015900323633104563,3
123385,0.001400268985889852,0.001876539783552289,3
123386,0.001400268985889852,0.0016026205848902464,3
123387,0.001400268985889852,0.001384042901918292,3
123388,0.001400268985889852,0.0012123383348807693,3
123389,0.001400268985889852,0.0013540064683184028,3
123390,0.001400268985889852,0.0019813543185591698,3
123391,0.001400268985889852,0.002020801417529583,3
123392,0.001400268985889852,0.0019528298871591687,3
123393,0.001400268985889852,0.0018226525280624628,3
123394,0.001400268985889852,0.0016126709524542093,3
123395,0.001400268985889852,0.0015088124200701714,3
123396,0.001400268985889852,0.003294820198789239,3
123397,0.001400268985889852,0.0013292914954945445,3
123398,0.001400268985889852,0.01654799096286297,3
123399,0.001400268985889852,0.0014348000986501575,3
123400,0.001400268985889852,0.0036014507059007883,3
123401,0.001400268985889852,0.00440607126802206,3
123402,0.001400268985889852,0.009795138612389565,3
123403,0.001400268985889852,0.001998328138142824,3
123404,0.001400268985889852,0.002610667608678341,3
123405,0.001400268985889852,0.0031676949001848698,3
123406,0.001400268985889852,0.0030993791297078133,3
123407,0.001400268985889852,0.002116176765412092,3
123408,0.001400268985889852,0.0032079971861094236,3
123409,0.001400268985889852,0.004717703443020582,3
123410,0.001400268985889852,0.003338354639708996,3
123411,0.001400268985889852,0.012488140724599361,3
123412,0.001400268985889852,0.0029069576412439346,3
123413,0.001400268985889852,0.007745399139821529,3
123414,0.001400268985889852,0.006986547261476517,3
123415,0.001400268985889852,0.00543250422924757,3
123416,0.001400268985889852,0.0042305574752390385,3
123417,0.001400268985889852,0.004014044534415007,3
123418,0.001400268985889852,0.002869605552405119,3
123419,0.001400268985889852,0.0015639769844710827,3
123420,0.001400268985889852,0.0021888376213610172,3
123421,0.001400268985889852,0.002405849751085043,3
123422,0.001400268985889852,0.0019414486596360803,3
123423,0.001400268985889852,0.0014793220907449722,3
123424,0.001400268985889852,0.0017834785394370556,3
123425,0.001400268985889852,0.0027341521345078945,3
123426,0.001400268985889852,0.0029113623313605785,3
123427,0.001400268985889852,0.0015762927941977978,3
123428,0.001400268985889852,0.0019822169560939074,3
123429,0.001400268985889852,0.0018271561712026596,3
123430,0.001400268985889852,0.0011812837328761816,3
123431,0.001400268985889852,0.0011909209424629807,3
123432,0.001400268985889852,0.0011150488862767816,3
123433,0.001400268985889852,0.0008401870727539062,3
123434,0.001400268985889852,0.0012255341280251741,3
123435,0.001400268985889852,0.0008913341443985701,3
123436,0.001400268985889852,0.0009199444320984185,3
123437,0.001400268985889852,0.0009319911478087306,3
123438,0.001400268985889852,0.0014718982856720686,3
123439,0.001400268985889852,0.004509243182837963,3
123440,0.001400268985889852,0.007287461310625076,3
123441,0.001400268985889852,0.00996389426290989,3
123442,0.001400268985889852,0.006030132994055748,3
123443,0.001400268985889852,0.007734010927379131,3
123444,0.001400268985889852,0.004561102949082851,3
123445,0.001400268985889852,0.005910566542297602,3
123446,0.001400268985889852,0.006511203944683075,3
123447,0.001400268985889852,0.006896456703543663,3
123448,0.001400268985889852,0.0056671560741961,3
123449,0.001400268985889852,0.0042890096083283424,3
123450,0.001400268985889852,0.0037009434308856726,3
123451,0.001400268985889852,0.0034531927667558193,3
123452,0.001400268985889852,0.0030589979141950607,3
123453,0.001400268985889852,0.0027035088278353214,3
123454,0.001400268985889852,0.002907289657741785,3
123455,0.001400268985889852,0.0025237177032977343,3
123456,0.001400268985889852,0.0020674439147114754,3
123457,0.001400268985889852,0.0016742763109505177,3
123458,0.001400268985889852,0.001300585689023137,3
123459,0.001400268985889852,0.001108477241359651,3
123460,0.001400268985889852,0.0012262945529073477,3
123461,0.001400268985889852,0.0014193722745403647,3
123462,0.001400268985889852,0.001621996983885765,3
123463,0.001400268985889852,0.0012446852633729577,3
123464,0.001400268985889852,0.0011527900351211429,3
123465,0.001400268985889852,0.0012043670285493135,3
123466,0.001400268985889852,0.001049652579240501,3
123467,0.001400268985889852,0.0010236294474452734,3
123468,0.001400268985889852,0.001245546038262546,3
123469,0.001400268985889852,0.0008165006875060499,3
123470,0.001400268985889852,0.0011242374312132597,3
123471,0.001400268985889852,0.0012812907807528973,3
123472,0.001400268985889852,0.0008133960072882473,3
123473,0.001400268985889852,0.0013471245765686035,3
123474,0.001400268985889852,0.0016712930519133806,3
123475,0.001400268985889852,0.0009956273715943098,3
123476,0.001400268985889852,0.0013522779336199164,3
123477,0.001400268985889852,0.0008055476355366409,3
123478,0.001400268985889852,0.001362905721180141,3
123479,0.001400268985889852,0.0019292104989290237,3
123480,0.001400268985889852,0.0012152837589383125,3
123481,0.001400268985889852,0.0012311229947954416,3
123482,0.001400268985889852,0.0009608120890334249,3
123483,0.001400268985889852,0.0012677524937316775,3
123484,0.001400268985889852,0.0008425973355770111,3
123485,0.001400268985889852,0.0013686355669051409,3
123486,0.001400268985889852,0.001508483663201332,3
123487,0.001400268985889852,0.0022354742977768183,3
123488,0.001400268985889852,0.0009701630915515125,3
123489,0.001400268985889852,0.0006959561142139137,3
123490,0.001400268985889852,0.0008167726919054985,3
123491,0.001400268985889852,0.0007397009176202118,3
123492,0.001400268985889852,0.0007793766562826931,3
123493,0.001400268985889852,0.0006269748555496335,3
123494,0.001400268985889852,0.0005449348827823997,3
123495,0.001400268985889852,0.0009132647537626326,3
123496,0.001400268985889852,0.0010614291531965137,3
123497,0.001400268985889852,0.0008436753414571285,3
123498,0.001400268985889852,0.0008922953275032341,3
123499,0.001400268985889852,0.0008825079421512783,3
123500,0.001400268985889852,0.0006352104828692973,3
123501,0.001400268985889852,0.0010948888957500458,3
123502,0.001400268985889852,0.0009371632477268577,3
123503,0.001400268985889852,0.0007312300731427968,3
123504,0.001400268985889852,0.0036467688623815775,3
123505,0.001400268985889852,0.004240681882947683,3
123506,0.001400268985889852,0.0019121762597933412,3
123507,0.001400268985889852,0.008968248032033443,3
123508,0.001400268985889852,0.002806674223393202,3
123509,0.001400268985889852,0.004443150479346514,3
123510,0.001400268985889852,0.008674436248838902,3
123511,0.001400268985889852,0.002509042387828231,3
123512,0.001400268985889852,0.000934314914047718,3
123513,0.001400268985889852,0.0011985368328168988,3
123514,0.001400268985889852,0.0009705594857223332,3
123515,0.001400268985889852,0.0007967808633111417,3
123516,0.001400268985889852,0.0005932526546530426,3
123517,0.001400268985889852,0.0007192224729806185,3
123518,0.001400268985889852,0.0018270484870299697,3
123519,0.001400268985889852,0.0009352219058200717,3
123520,0.001400268985889852,0.0007864167564548552,3
123521,0.001400268985889852,0.0007903779624029994,3
123522,0.001400268985889852,0.0008329217089340091,3
123523,0.001400268985889852,0.0009628334664739668,3
123524,0.001400268985889852,0.002570065902546048,3
123525,0.001400268985889852,0.0016063383081927896,3
123526,0.001400268985889852,0.003759942250326276,3
123527,0.001400268985889852,0.0019106778781861067,3
123528,0.001400268985889852,0.006580704357475042,3
123529,0.001400268985889852,0.0017836411716416478,3
123530,0.001400268985889852,0.0017558963736519217,3
123531,0.001400268985889852,0.0014360086061060429,3
123532,0.001400268985889852,0.0014008667785674334,3
123533,0.001400268985889852,0.001496025244705379,3
123534,0.001400268985889852,0.0017018168000504375,3
123535,0.001400268985889852,0.0017325985245406628,3
123536,0.001400268985889852,0.0016384837217628956,3
123537,0.001400268985889852,0.0013453976716846228,3
123538,0.001400268985889852,0.0012777821393683553,3
123539,0.001400268985889852,0.0011499880347400904,3
123540,0.001400268985889852,0.0010614682687446475,3
123541,0.001400268985889852,0.0007109662983566523,3
123542,0.001400268985889852,0.0006608605035580695,3
123543,0.001400268985889852,0.000747961807064712,3
123544,0.001400268985889852,0.0009166625095531344,3
123545,0.001400268985889852,0.0010628120508044958,3
123546,0.001400268985889852,0.0009447911870665848,3
123547,0.001400268985889852,0.0007993389153853059,3
123548,0.001400268985889852,0.0007813361007720232,3
123549,0.001400268985889852,0.0006318886880762875,3
123550,0.001400268985889852,0.0005913908826187253,3
123551,0.001400268985889852,0.0005850692978128791,3
123552,0.001400268985889852,0.0006682304083369672,3
123553,0.001400268985889852,0.0008189563523046672,3
123554,0.001400268985889852,0.0008789434214122593,3
123555,0.001400268985889852,0.0009441548609174788,3
123556,0.001400268985889852,0.001011243206448853,3
123557,0.001400268985889852,0.0008654703851789236,3
123558,0.001400268985889852,0.000868601375259459,3
123559,0.001400268985889852,0.0008065865840762854,3
123560,0.001400268985889852,0.0005797222838737071,3
123561,0.001400268985889852,0.0004775421984959394,3
123562,0.001400268985889852,0.0005226716748438776,3
123563,0.001400268985889852,0.0007974450709298253,3
123564,0.001400268985889852,0.0012465507024899125,3
123565,0.001400268985889852,0.001326843979768455,3
123566,0.001400268985889852,0.0014355232706293464,3
123567,0.001400268985889852,0.001464758301153779,3
123568,0.001400268985889852,0.0017677241703495383,3
123569,0.001400268985889852,0.00888347253203392,3
123570,0.001400268985889852,0.02254009246826172,3
123571,0.001400268985889852,0.006357095669955015,3
123572,0.001400268985889852,0.005685897544026375,3
123573,0.001400268985889852,0.0018434157827869058,3
123574,0.001400268985889852,0.0009386721067130566,3
123575,0.001400268985889852,0.007983135059475899,3
123576,0.001400268985889852,0.003901968477293849,3
123577,0.001400268985889852,0.0045078592374920845,3
123578,0.001400268985889852,0.02551797218620777,3
123579,0.001400268985889852,0.013112608343362808,3
123580,0.001400268985889852,0.009976422414183617,3
123581,0.001400268985889852,0.004483055789023638,3
123582,0.001400268985889852,0.021780353039503098,3
123583,0.001400268985889852,0.008809588849544525,3
123584,0.001400268985889852,0.005593159701675177,3
123585,0.001400268985889852,0.016753794625401497,3
123586,0.001400268985889852,0.004477065522223711,3
123587,0.001400268985889852,0.0029426771216094494,3
123588,0.001400268985889852,0.006780956871807575,3
123589,0.001400268985889852,0.00795363076031208,3
123590,0.001400268985889852,0.0030442331917583942,3
123591,0.001400268985889852,0.0024830694310367107,3
123592,0.001400268985889852,0.006954362615942955,3
123593,0.001400268985889852,0.0022385120391845703,3
123594,0.001400268985889852,0.002415948547422886,3
123595,0.001400268985889852,0.004808730911463499,3
123596,0.001400268985889852,0.005664437543600798,3
123597,0.001400268985889852,0.003301044460386038,3
123598,0.001400268985889852,0.002535461215302348,3
123599,0.001400268985889852,0.008470018394291401,3
123600,0.001400268985889852,0.004765959922224283,3
123601,0.001400268985889852,0.0017139468109235168,3
123602,0.001400268985889852,0.0056542945094406605,3
123603,0.001400268985889852,0.003935626707971096,3
123604,0.001400268985889852,0.0086794039234519,3
123605,0.001400268985889852,0.004954375792294741,3
123606,0.001400268985889852,0.007686761673539877,3
123607,0.001400268985889852,0.01195922028273344,3
123608,0.001400268985889852,0.002298096427693963,3
123609,0.001400268985889852,0.0017797132022678852,3
123610,0.001400268985889852,0.0011422482784837484,3
123611,0.001400268985889852,0.0018597209127619863,3
123612,0.001400268985889852,0.0017683889018371701,3
123613,0.001400268985889852,0.0021819353569298983,3
123614,0.001400268985889852,0.0017512597842141986,3
123615,0.001400268985889852,0.0014798978809267282,3
123616,0.001400268985889852,0.0016292826039716601,3
123617,0.001400268985889852,0.0032060272060334682,3
123618,0.001400268985889852,0.005174338351935148,3
123619,0.001400268985889852,0.004194856155663729,3
123620,0.001400268985889852,0.0026929560117423534,3
123621,0.001400268985889852,0.0015740599483251572,3
123622,0.001400268985889852,0.002381471451371908,3
123623,0.001400268985889852,0.004046320449560881,3
123624,0.001400268985889852,0.001064311945810914,3
123625,0.001400268985889852,0.0011616365518420935,3
123626,0.001400268985889852,0.0008274398278445005,3
123627,0.001400268985889852,0.0010567595018073916,3
123628,0.001400268985889852,0.0008914078935049474,3
123629,0.001400268985889852,0.0011399629293009639,3
123630,0.001400268985889852,0.0011849268339574337,3
123631,0.001400268985889852,0.00161056499928236,3
123632,0.001400268985889852,0.0019891036208719015,3
123633,0.001400268985889852,0.002320928266271949,3
123634,0.001400268985889852,0.002786024007946253,3
123635,0.001400268985889852,0.002712454181164503,3
123636,0.001400268985889852,0.0025570292491465807,3
123637,0.001400268985889852,0.002005074406042695,3
123638,0.001400268985889852,0.0018155728466808796,3
123639,0.001400268985889852,0.0015064390609040856,3
123640,0.001400268985889852,0.0017677852883934975,3
123641,0.001400268985889852,0.002606406109407544,3
123642,0.001400268985889852,0.0030493205413222313,3
123643,0.001400268985889852,0.0028595549520105124,3
123644,0.001400268985889852,0.0032784813083708286,3
123645,0.001400268985889852,0.003315226174890995,3
123646,0.001400268985889852,0.006725658662617207,3
123647,0.001400268985889852,0.0055387807078659534,3
123648,0.001400268985889852,0.008902971632778645,3
123649,0.001400268985889852,0.003639042843133211,3
123650,0.001400268985889852,0.004717583302408457,3
123651,0.001400268985889852,0.003321228316053748,3
123652,0.001400268985889852,0.002366304164752364,3
123653,0.001400268985889852,0.0023288079537451267,3
123654,0.001400268985889852,0.0019997376948595047,3
123655,0.001400268985889852,0.004467178136110306,3
123656,0.001400268985889852,0.004639971535652876,3
123657,0.001400268985889852,0.0031862182077020407,3
123658,0.001400268985889852,0.0027486870530992746,3
123659,0.001400268985889852,0.007944385521113873,3
123660,0.001400268985889852,0.006213237065821886,3
123661,0.001400268985889852,0.0043938374146819115,3
123662,0.001400268985889852,0.004024582915008068,3
123663,0.001400268985889852,0.0026073558256030083,3
123664,0.001400268985889852,0.001994493417441845,3
123665,0.001400268985889852,0.002500225557014346,3
123666,0.001400268985889852,0.0020847730338573456,3
123667,0.001400268985889852,0.0023495671339333057,3
123668,0.001400268985889852,0.0024388255551457405,3
123669,0.001400268985889852,0.002939933445304632,3
123670,0.001400268985889852,0.00304029555991292,3
123671,0.001400268985889852,0.002823038026690483,3
123672,0.001400268985889852,0.0024616308510303497,3
123673,0.001400268985889852,0.002079722937196493,3
123674,0.001400268985889852,0.0021022334694862366,3
123675,0.001400268985889852,0.002039822284132242,3
123676,0.001400268985889852,0.0020590745843946934,3
123677,0.001400268985889852,0.0019418554147705436,3
123678,0.001400268985889852,0.0021063850726932287,3
123679,0.001400268985889852,0.0020890356972813606,3
123680,0.001400268985889852,0.0017986486200243235,3
123681,0.001400268985889852,0.002773622516542673,3
123682,0.001400268985889852,0.001764393295161426,3
123683,0.001400268985889852,0.008923721499741077,3
123684,0.001400268985889852,0.01287012081593275,3
123685,0.001400268985889852,0.042040299624204636,3
123686,0.001400268985889852,0.030949905514717102,3
123687,0.001400268985889852,0.027064548805356026,3
123688,0.001400268985889852,0.026420973241329193,3
123689,0.001400268985889852,0.02652897872030735,3
123690,0.001400268985889852,0.026735002174973488,3
123691,0.001400268985889852,0.0270405150949955,3
123692,0.001400268985889852,0.027450986206531525,3
123693,0.001400268985889852,0.028851885348558426,3
123694,0.001400268985889852,0.03188658505678177,3
123695,0.001400268985889852,0.03533044457435608,3
123696,0.001400268985889852,0.029166923835873604,3
123697,0.001400268985889852,0.02554030902683735,3
123698,0.001400268985889852,0.021515388041734695,3
123699,0.001400268985889852,0.018529821187257767,3
123700,0.001400268985889852,0.01696164160966873,3
123701,0.001400268985889852,0.016086895018815994,3
123702,0.001400268985889852,0.01517504546791315,3
123703,0.001400268985889852,0.014755848795175552,3
123704,0.001400268985889852,0.014531285502016544,3
123705,0.001400268985889852,0.013464801013469696,3
123706,0.001400268985889852,0.012524698860943317,3
123707,0.001400268985889852,0.011178931221365929,3
123708,0.001400268985889852,0.009889975190162659,3
123709,0.001400268985889852,0.00968171376734972,3
123710,0.001400268985889852,0.02372380718588829,3
123711,0.001400268985889852,0.008290876634418964,3
123712,0.001400268985889852,0.007345531601458788,3
123713,0.001400268985889852,0.006429147440940142,3
123714,0.001400268985889852,0.005965134594589472,3
123715,0.001400268985889852,0.0053879632614552975,3
123716,0.001400268985889852,0.005017041228711605,3
123717,0.001400268985889852,0.005206109490245581,3
123718,0.001400268985889852,0.004535458516329527,3
123719,0.001400268985889852,0.0037100890185683966,3
123720,0.001400268985889852,0.002434352645650506,3
123721,0.001400268985889852,0.0015900323633104563,3
123722,0.001400268985889852,0.001876539783552289,3
123723,0.001400268985889852,0.0016026205848902464,3
123724,0.001400268985889852,0.001384042901918292,3
123725,0.001400268985889852,0.0012123383348807693,3
123726,0.001400268985889852,0.0013540064683184028,3
123727,0.001400268985889852,0.0019813543185591698,3
123728,0.001400268985889852,0.002020801417529583,3
123729,0.001400268985889852,0.0019528298871591687,3
123730,0.001400268985889852,0.0018226525280624628,3
123731,0.001400268985889852,0.0016126709524542093,3
123732,0.001400268985889852,0.0015088124200701714,3
123733,0.001400268985889852,0.003294820198789239,3
123734,0.001400268985889852,0.0013292914954945445,3
123735,0.001400268985889852,0.01654799096286297,3
123736,0.001400268985889852,0.0014348000986501575,3
123737,0.001400268985889852,0.0036014507059007883,3
123738,0.001400268985889852,0.00440607126802206,3
123739,0.001400268985889852,0.009795138612389565,3
123740,0.001400268985889852,0.001998328138142824,3
123741,0.001400268985889852,0.002610667608678341,3
123742,0.001400268985889852,0.0031676949001848698,3
123743,0.001400268985889852,0.0030993791297078133,3
123744,0.001400268985889852,0.002116176765412092,3
123745,0.001400268985889852,0.0032079971861094236,3
123746,0.001400268985889852,0.004717703443020582,3
123747,0.001400268985889852,0.003338354639708996,3
123748,0.001400268985889852,0.012488140724599361,3
123749,0.001400268985889852,0.0029069576412439346,3
123750,0.001400268985889852,0.007745399139821529,3
123751,0.001400268985889852,0.006986547261476517,3
123752,0.001400268985889852,0.00543250422924757,3
123753,0.001400268985889852,0.0042305574752390385,3
123754,0.001400268985889852,0.004014044534415007,3
123755,0.001400268985889852,0.002869605552405119,3
123756,0.001400268985889852,0.0015639769844710827,3
123757,0.001400268985889852,0.0021888376213610172,3
123758,0.001400268985889852,0.002405849751085043,3
123759,0.001400268985889852,0.0019414486596360803,3
123760,0.001400268985889852,0.0014793220907449722,3
123761,0.001400268985889852,0.0017834785394370556,3
123762,0.001400268985889852,0.0027341521345078945,3
123763,0.001400268985889852,0.0029113623313605785,3
123764,0.001400268985889852,0.0015762927941977978,3
123765,0.001400268985889852,0.0019822169560939074,3
123766,0.001400268985889852,0.0018271561712026596,3
123767,0.001400268985889852,0.0011812837328761816,3
123768,0.001400268985889852,0.0011909209424629807,3
123769,0.001400268985889852,0.0011150488862767816,3
123770,0.001400268985889852,0.0008401870727539062,3
123771,0.001400268985889852,0.0012255341280251741,3
123772,0.001400268985889852,0.0008913341443985701,3
123773,0.001400268985889852,0.0009199444320984185,3
123774,0.001400268985889852,0.0009319911478087306,3
123775,0.001400268985889852,0.0014718982856720686,3
123776,0.001400268985889852,0.004509243182837963,3
123777,0.001400268985889852,0.007287461310625076,3
123778,0.001400268985889852,0.00996389426290989,3
123779,0.001400268985889852,0.006030132994055748,3
123780,0.001400268985889852,0.007734010927379131,3
123781,0.001400268985889852,0.004561102949082851,3
123782,0.001400268985889852,0.005910566542297602,3
123783,0.001400268985889852,0.006511203944683075,3
123784,0.001400268985889852,0.006896456703543663,3
123785,0.001400268985889852,0.0056671560741961,3
123786,0.001400268985889852,0.0042890096083283424,3
123787,0.001400268985889852,0.0037009434308856726,3
123788,0.001400268985889852,0.0034531927667558193,3
123789,0.001400268985889852,0.0030589979141950607,3
123790,0.001400268985889852,0.0027035088278353214,3
123791,0.001400268985889852,0.002907289657741785,3
123792,0.001400268985889852,0.0025237177032977343,3
123793,0.001400268985889852,0.0020674439147114754,3
123794,0.001400268985889852,0.0016742763109505177,3
123795,0.001400268985889852,0.001300585689023137,3
123796,0.001400268985889852,0.001108477241359651,3
123797,0.001400268985889852,0.0012262945529073477,3
123798,0.001400268985889852,0.0014193722745403647,3
123799,0.001400268985889852,0.001621996983885765,3
123800,0.001400268985889852,0.0012446852633729577,3
123801,0.001400268985889852,0.0011527900351211429,3
123802,0.001400268985889852,0.0012043670285493135,3
123803,0.001400268985889852,0.001049652579240501,3
123804,0.001400268985889852,0.0010236294474452734,3
123805,0.001400268985889852,0.001245546038262546,3
123806,0.001400268985889852,0.0008165006875060499,3
123807,0.001400268985889852,0.0011242374312132597,3
123808,0.001400268985889852,0.0012812907807528973,3
123809,0.001400268985889852,0.0008133960072882473,3
123810,0.001400268985889852,0.0013471245765686035,3
123811,0.001400268985889852,0.0016712930519133806,3
123812,0.001400268985889852,0.0009956273715943098,3
123813,0.001400268985889852,0.0013522779336199164,3
123814,0.001400268985889852,0.0008055476355366409,3
123815,0.001400268985889852,0.001362905721180141,3
123816,0.001400268985889852,0.0019292104989290237,3
123817,0.001400268985889852,0.0012152837589383125,3
123818,0.001400268985889852,0.0012311229947954416,3
123819,0.001400268985889852,0.0009608120890334249,3
123820,0.001400268985889852,0.0012677524937316775,3
123821,0.001400268985889852,0.0008425973355770111,3
123822,0.001400268985889852,0.0013686355669051409,3
123823,0.001400268985889852,0.001508483663201332,3
123824,0.001400268985889852,0.0022354742977768183,3
123825,0.001400268985889852,0.0009701630915515125,3
123826,0.001400268985889852,0.0006959561142139137,3
123827,0.001400268985889852,0.0008167726919054985,3
123828,0.001400268985889852,0.0007397009176202118,3
123829,0.001400268985889852,0.0007793766562826931,3
123830,0.001400268985889852,0.0006269748555496335,3
123831,0.001400268985889852,0.0005449348827823997,3
123832,0.001400268985889852,0.0009132647537626326,3
123833,0.001400268985889852,0.0010614291531965137,3
123834,0.001400268985889852,0.0008436753414571285,3
123835,0.001400268985889852,0.0008922953275032341,3
123836,0.001400268985889852,0.0008825079421512783,3
123837,0.001400268985889852,0.0006352104828692973,3
123838,0.001400268985889852,0.0010948888957500458,3
123839,0.001400268985889852,0.0009371632477268577,3
123840,0.001400268985889852,0.0007312300731427968,3
123841,0.001400268985889852,0.0036467688623815775,3
123842,0.001400268985889852,0.004240681882947683,3
123843,0.001400268985889852,0.0019121762597933412,3
123844,0.001400268985889852,0.008968248032033443,3
123845,0.001400268985889852,0.002806674223393202,3
123846,0.001400268985889852,0.004443150479346514,3
123847,0.001400268985889852,0.008674436248838902,3
123848,0.001400268985889852,0.002509042387828231,3
123849,0.001400268985889852,0.000934314914047718,3
123850,0.001400268985889852,0.0011985368328168988,3
123851,0.001400268985889852,0.0009705594857223332,3
123852,0.001400268985889852,0.0007967808633111417,3
123853,0.001400268985889852,0.0005932526546530426,3
123854,0.001400268985889852,0.0007192224729806185,3
123855,0.001400268985889852,0.0018270484870299697,3
123856,0.001400268985889852,0.0009352219058200717,3
123857,0.001400268985889852,0.0007864167564548552,3
123858,0.001400268985889852,0.0007903779624029994,3
123859,0.001400268985889852,0.0008329217089340091,3
123860,0.001400268985889852,0.0009628334664739668,3
123861,0.001400268985889852,0.002570065902546048,3
123862,0.001400268985889852,0.0016063383081927896,3
123863,0.001400268985889852,0.003759942250326276,3
123864,0.001400268985889852,0.0019106778781861067,3
123865,0.001400268985889852,0.006580704357475042,3
123866,0.001400268985889852,0.0017836411716416478,3
123867,0.001400268985889852,0.0017558963736519217,3
123868,0.001400268985889852,0.0014360086061060429,3
123869,0.001400268985889852,0.0014008667785674334,3
123870,0.001400268985889852,0.001496025244705379,3
123871,0.001400268985889852,0.0017018168000504375,3
123872,0.001400268985889852,0.0017325985245406628,3
123873,0.001400268985889852,0.0016384837217628956,3
123874,0.001400268985889852,0.0013453976716846228,3
123875,0.001400268985889852,0.0012777821393683553,3
123876,0.001400268985889852,0.0011499880347400904,3
123877,0.001400268985889852,0.0010614682687446475,3
123878,0.001400268985889852,0.0007109662983566523,3
123879,0.001400268985889852,0.0006608605035580695,3
123880,0.001400268985889852,0.000747961807064712,3
123881,0.001400268985889852,0.0009166625095531344,3
123882,0.001400268985889852,0.0010628120508044958,3
123883,0.001400268985889852,0.0009447911870665848,3
123884,0.001400268985889852,0.0007993389153853059,3
123885,0.001400268985889852,0.0007813361007720232,3
123886,0.001400268985889852,0.0006318886880762875,3
123887,0.001400268985889852,0.0005913908826187253,3
123888,0.001400268985889852,0.0005850692978128791,3
123889,0.001400268985889852,0.0006682304083369672,3
123890,0.001400268985889852,0.0008189563523046672,3
123891,0.001400268985889852,0.0008789434214122593,3
123892,0.001400268985889852,0.0009441548609174788,3
123893,0.001400268985889852,0.001011243206448853,3
123894,0.001400268985889852,0.0008654703851789236,3
123895,0.001400268985889852,0.000868601375259459,3
123896,0.001400268985889852,0.0008065865840762854,3
123897,0.001400268985889852,0.0005797222838737071,3
123898,0.001400268985889852,0.0004775421984959394,3
123899,0.001400268985889852,0.0005226716748438776,3
123900,0.001400268985889852,0.0007974450709298253,3
123901,0.001400268985889852,0.0012465507024899125,3
123902,0.001400268985889852,0.001326843979768455,3
123903,0.001400268985889852,0.0014355232706293464,3
123904,0.001400268985889852,0.001464758301153779,3
123905,0.001400268985889852,0.0017677241703495383,3
123906,0.001400268985889852,0.00888347253203392,3
123907,0.001400268985889852,0.02254009246826172,3
123908,0.001400268985889852,0.006357095669955015,3
123909,0.001400268985889852,0.005685897544026375,3
123910,0.001400268985889852,0.0018434157827869058,3
123911,0.001400268985889852,0.0009386721067130566,3
123912,0.001400268985889852,0.007983135059475899,3
123913,0.001400268985889852,0.003901968477293849,3
123914,0.001400268985889852,0.0045078592374920845,3
123915,0.001400268985889852,0.02551797218620777,3
123916,0.001400268985889852,0.013112608343362808,3
123917,0.001400268985889852,0.009976422414183617,3
123918,0.001400268985889852,0.004483055789023638,3
123919,0.001400268985889852,0.021780353039503098,3
123920,0.001400268985889852,0.008809588849544525,3
123921,0.001400268985889852,0.005593159701675177,3
123922,0.001400268985889852,0.016753794625401497,3
123923,0.001400268985889852,0.004477065522223711,3
123924,0.001400268985889852,0.0029426771216094494,3
123925,0.001400268985889852,0.006780956871807575,3
123926,0.001400268985889852,0.00795363076031208,3
123927,0.001400268985889852,0.0030442331917583942,3
123928,0.001400268985889852,0.0024830694310367107,3
123929,0.001400268985889852,0.006954362615942955,3
123930,0.001400268985889852,0.0022385120391845703,3
123931,0.001400268985889852,0.002415948547422886,3
123932,0.001400268985889852,0.004808730911463499,3
123933,0.001400268985889852,0.005664437543600798,3
123934,0.001400268985889852,0.003301044460386038,3
123935,0.001400268985889852,0.002535461215302348,3
123936,0.001400268985889852,0.008470018394291401,3
123937,0.001400268985889852,0.004765959922224283,3
123938,0.001400268985889852,0.0017139468109235168,3
123939,0.001400268985889852,0.0056542945094406605,3
123940,0.001400268985889852,0.003935626707971096,3
123941,0.001400268985889852,0.0086794039234519,3
123942,0.001400268985889852,0.004954375792294741,3
123943,0.001400268985889852,0.007686761673539877,3
123944,0.001400268985889852,0.01195922028273344,3
123945,0.001400268985889852,0.002298096427693963,3
123946,0.001400268985889852,0.0017797132022678852,3
123947,0.001400268985889852,0.0011422482784837484,3
123948,0.001400268985889852,0.0018597209127619863,3
123949,0.001400268985889852,0.0017683889018371701,3
123950,0.001400268985889852,0.0021819353569298983,3
123951,0.001400268985889852,0.0017512597842141986,3
123952,0.001400268985889852,0.0014798978809267282,3
123953,0.001400268985889852,0.0016292826039716601,3
123954,0.001400268985889852,0.0032060272060334682,3
123955,0.001400268985889852,0.005174338351935148,3
123956,0.001400268985889852,0.004194856155663729,3
123957,0.001400268985889852,0.0026929560117423534,3
123958,0.001400268985889852,0.0015740599483251572,3
123959,0.001400268985889852,0.002381471451371908,3
123960,0.001400268985889852,0.004046320449560881,3
123961,0.001400268985889852,0.001064311945810914,3
123962,0.001400268985889852,0.0011616365518420935,3
123963,0.001400268985889852,0.0008274398278445005,3
123964,0.001400268985889852,0.0010567595018073916,3
123965,0.001400268985889852,0.0008914078935049474,3
123966,0.001400268985889852,0.0011399629293009639,3
123967,0.001400268985889852,0.0011849268339574337,3
123968,0.001400268985889852,0.00161056499928236,3
123969,0.001400268985889852,0.0019891036208719015,3
123970,0.001400268985889852,0.002320928266271949,3
123971,0.001400268985889852,0.002786024007946253,3
123972,0.001400268985889852,0.002712454181164503,3
123973,0.001400268985889852,0.0025570292491465807,3
123974,0.001400268985889852,0.002005074406042695,3
123975,0.001400268985889852,0.0018155728466808796,3
123976,0.001400268985889852,0.0015064390609040856,3
123977,0.001400268985889852,0.0017677852883934975,3
123978,0.001400268985889852,0.002606406109407544,3
123979,0.001400268985889852,0.0030493205413222313,3
123980,0.001400268985889852,0.0028595549520105124,3
123981,0.001400268985889852,0.0032784813083708286,3
123982,0.001400268985889852,0.003315226174890995,3
123983,0.001400268985889852,0.006725658662617207,3
123984,0.001400268985889852,0.0055387807078659534,3
123985,0.001400268985889852,0.008902971632778645,3
123986,0.001400268985889852,0.003639042843133211,3
123987,0.001400268985889852,0.004717583302408457,3
123988,0.001400268985889852,0.003321228316053748,3
123989,0.001400268985889852,0.002366304164752364,3
123990,0.001400268985889852,0.0023288079537451267,3
123991,0.001400268985889852,0.0019997376948595047,3
123992,0.001400268985889852,0.004467178136110306,3
123993,0.001400268985889852,0.004639971535652876,3
123994,0.001400268985889852,0.0031862182077020407,3
123995,0.001400268985889852,0.0027486870530992746,3
123996,0.001400268985889852,0.007944385521113873,3
123997,0.001400268985889852,0.006213237065821886,3
123998,0.001400268985889852,0.0043938374146819115,3
123999,0.001400268985889852,0.004024582915008068,3
124000,0.001400268985889852,0.0026073558256030083,3
124001,0.001413362449966371,0.11957981437444687,3
124002,0.001413362449966371,0.005484783090651035,3
124003,0.001413362449966371,0.005913160275667906,3
124004,0.001413362449966371,0.003075837390497327,3
124005,0.001413362449966371,0.003198836697265506,3
124006,0.001413362449966371,0.007104529999196529,3
124007,0.001413362449966371,0.0127792339771986,3
124008,0.001413362449966371,0.008197021670639515,3
124009,0.001413362449966371,0.016765639185905457,3
124010,0.001413362449966371,0.007842314429581165,3
124011,0.001413362449966371,0.01329620461910963,3
124012,0.001413362449966371,0.011537781916558743,3
124013,0.001413362449966371,0.008815380744636059,3
124014,0.001413362449966371,0.007287563290446997,3
124015,0.001413362449966371,0.0057597984559834,3
124016,0.001413362449966371,0.005462012719362974,3
124017,0.001413362449966371,0.0033823291305452585,3
124018,0.001413362449966371,0.0017179512651637197,3
124019,0.001413362449966371,0.0021757883951067924,3
124020,0.001413362449966371,0.004743387922644615,3
124021,0.001413362449966371,0.0058740065433084965,3
124022,0.001413362449966371,0.00467077549546957,3
124023,0.001413362449966371,0.004011027980595827,3
124024,0.001413362449966371,0.00363313895650208,3
124025,0.001413362449966371,0.003576070535928011,3
124026,0.001413362449966371,0.0025728270411491394,3
124027,0.001413362449966371,0.0015593699645251036,3
124028,0.001413362449966371,0.0010273678926751018,3
124029,0.001413362449966371,0.0016214896459132433,3
124030,0.001413362449966371,0.0021994300186634064,3
124031,0.001413362449966371,0.002248513512313366,3
124032,0.001413362449966371,0.0027160230092704296,3
124033,0.001413362449966371,0.0025676528457552195,3
124034,0.001413362449966371,0.002376462332904339,3
124035,0.001413362449966371,0.0017912089824676514,3
124036,0.001413362449966371,0.001177805126644671,3
124037,0.001413362449966371,0.0008476791554130614,3
124038,0.001413362449966371,0.001000457676127553,3
124039,0.001413362449966371,0.0013196945656090975,3
124040,0.001413362449966371,0.0017347992397844791,3
124041,0.001413362449966371,0.0017263630870729685,3
124042,0.001413362449966371,0.0011344600934535265,3
124043,0.001413362449966371,0.001063726027496159,3
124044,0.001413362449966371,0.0010893644066527486,3
124045,0.001413362449966371,0.0010287757031619549,3
124046,0.001413362449966371,0.0009362438577227294,3
124047,0.001413362449966371,0.0010230366606265306,3
124048,0.001413362449966371,0.0013220699038356543,3
124049,0.001413362449966371,0.0022264241706579924,3
124050,0.001413362449966371,0.0009970339015126228,3
124051,0.001413362449966371,0.0007953976164571941,3
124052,0.001413362449966371,0.0009304065024480224,3
124053,0.001413362449966371,0.0011654079426079988,3
124054,0.001413362449966371,0.0010040163761004806,3
124055,0.001413362449966371,0.001275515416637063,3
124056,0.001413362449966371,0.0005546306492760777,3
124057,0.001413362449966371,0.001436379854567349,3
124058,0.001413362449966371,0.001005179132334888,3
124059,0.001413362449966371,0.0008802610682323575,3
124060,0.001413362449966371,0.0015331460162997246,3
124061,0.001413362449966371,0.0010663794819265604,3
124062,0.001413362449966371,0.00095883768517524,3
124063,0.001413362449966371,0.0010087511036545038,3
124064,0.001413362449966371,0.0012558427406474948,3
124065,0.001413362449966371,0.002404638100415468,3
124066,0.001413362449966371,0.0010143059771507978,3
124067,0.001413362449966371,0.001237276941537857,3
124068,0.001413362449966371,0.0009079956216737628,3
124069,0.001413362449966371,0.0014496642397716641,3
124070,0.001413362449966371,0.0013873258139938116,3
124071,0.001413362449966371,0.0010765508050099015,3
124072,0.001413362449966371,0.0015614378498867154,3
124073,0.001413362449966371,0.0010761122684925795,3
124074,0.001413362449966371,0.001201980165205896,3
124075,0.001413362449966371,0.0012927553616464138,3
124076,0.001413362449966371,0.0009946987265720963,3
124077,0.001413362449966371,0.002140374854207039,3
124078,0.001413362449966371,0.0036927128676325083,3
124079,0.001413362449966371,0.0025040623731911182,3
124080,0.001413362449966371,0.0017457541543990374,3
124081,0.001413362449966371,0.001011418760754168,3
124082,0.001413362449966371,0.004514771513640881,3
124083,0.001413362449966371,0.0019360737642273307,3
124084,0.001413362449966371,0.003031965345144272,3
124085,0.001413362449966371,0.00585024943575263,3
124086,0.001413362449966371,0.0007614904316142201,3
124087,0.001413362449966371,0.0010333249811083078,3
124088,0.001413362449966371,0.0005815246840938926,3
124089,0.001413362449966371,0.0005287901149131358,3
124090,0.001413362449966371,0.0008133885567076504,3
124091,0.001413362449966371,0.0003613296721596271,3
124092,0.001413362449966371,0.00038538078661076725,3
124093,0.001413362449966371,0.0005398134817369282,3
124094,0.001413362449966371,0.0002654434065334499,3
124095,0.001413362449966371,0.00037350994534790516,3
124096,0.001413362449966371,0.0007738160202279687,3
124097,0.001413362449966371,0.0006104237982071936,3
124098,0.001413362449966371,0.0008474466158077121,3
124099,0.001413362449966371,0.001166855450719595,3
124100,0.001413362449966371,0.0012310210149735212,3
124101,0.001413362449966371,0.0014436448691412807,3
124102,0.001413362449966371,0.0009326520375907421,3
124103,0.001413362449966371,0.0023586140014231205,3
124104,0.001413362449966371,0.000842766254208982,3
124105,0.001413362449966371,0.0014255540445446968,3
124106,0.001413362449966371,0.0035868140403181314,3
124107,0.001413362449966371,0.003115979954600334,3
124108,0.001413362449966371,0.0014057450462132692,3
124109,0.001413362449966371,0.0010306560434401035,3
124110,0.001413362449966371,0.0010245119920000434,3
124111,0.001413362449966371,0.0009008764754980803,3
124112,0.001413362449966371,0.0009643820230849087,3
124113,0.001413362449966371,0.001113589620217681,3
124114,0.001413362449966371,0.0011752382852137089,3
124115,0.001413362449966371,0.0011459150118753314,3
124116,0.001413362449966371,0.0012940260348841548,3
124117,0.001413362449966371,0.0015485127223655581,3
124118,0.001413362449966371,0.0016392585821449757,3
124119,0.001413362449966371,0.0014741310151293874,3
124120,0.001413362449966371,0.0012468065833672881,3
124121,0.001413362449966371,0.0010581753449514508,3
124122,0.001413362449966371,0.0012544698547571898,3
124123,0.001413362449966371,0.0016611358150839806,3
124124,0.001413362449966371,0.0018121629254892468,3
124125,0.001413362449966371,0.0014696395955979824,3
124126,0.001413362449966371,0.0008777610491961241,3
124127,0.001413362449966371,0.0005209773662500083,3
124128,0.001413362449966371,0.00041064267861656845,3
124129,0.001413362449966371,0.0004057764890603721,3
124130,0.001413362449966371,0.00034162067458964884,3
124131,0.001413362449966371,0.00038772643893025815,3
124132,0.001413362449966371,0.0005413314211182296,3
124133,0.001413362449966371,0.0005000462988391519,3
124134,0.001413362449966371,0.0005209229420870543,3
124135,0.001413362449966371,0.0005641086609102786,3
124136,0.001413362449966371,0.0005683674826286733,3
124137,0.001413362449966371,0.0006024932954460382,3
124138,0.001413362449966371,0.000659035868011415,3
124139,0.001413362449966371,0.0005185419577173889,3
124140,0.001413362449966371,0.0004026732931379229,3
124141,0.001413362449966371,0.00045479144318960607,3
124142,0.001413362449966371,0.0006720969686284661,3
124143,0.001413362449966371,0.0011817215709015727,3
124144,0.001413362449966371,0.001732352888211608,3
124145,0.001413362449966371,0.002186476020142436,3
124146,0.001413362449966371,0.001635296386666596,3
124147,0.001413362449966371,0.004413698334246874,3
124148,0.001413362449966371,0.009914488531649113,3
124149,0.001413362449966371,0.006109103560447693,3
124150,0.001413362449966371,0.005371475126594305,3
124151,0.001413362449966371,0.013422398827970028,3
124152,0.001413362449966371,0.002564153168350458,3
124153,0.001413362449966371,0.002041371539235115,3
124154,0.001413362449966371,0.0026008368004113436,3
124155,0.001413362449966371,0.0018020464340224862,3
124156,0.001413362449966371,0.0017410237342119217,3
124157,0.001413362449966371,0.0018194305012002587,3
124158,0.001413362449966371,0.0026707875076681376,3
124159,0.001413362449966371,0.0025275633670389652,3
124160,0.001413362449966371,0.004298774991184473,3
124161,0.001413362449966371,0.004010855220258236,3
124162,0.001413362449966371,0.0018698596395552158,3
124163,0.001413362449966371,0.002815958810970187,3
124164,0.001413362449966371,0.003625930054113269,3
124165,0.001413362449966371,0.005052309948951006,3
124166,0.001413362449966371,0.007971755228936672,3
124167,0.001413362449966371,0.006410615053027868,3
124168,0.001413362449966371,0.007529557682573795,3
124169,0.001413362449966371,0.21855203807353973,3
124170,0.001413362449966371,0.011482619680464268,3
124171,0.001413362449966371,0.010542716830968857,3
124172,0.001413362449966371,0.011268330737948418,3
124173,0.001413362449966371,0.011133264750242233,3
124174,0.001413362449966371,0.009848845191299915,3
124175,0.001413362449966371,0.015806768089532852,3
124176,0.001413362449966371,0.006892730016261339,3
124177,0.001413362449966371,0.011551805771887302,3
124178,0.001413362449966371,0.00565372547134757,3
124179,0.001413362449966371,0.008078280836343765,3
124180,0.001413362449966371,0.007538850884884596,3
124181,0.001413362449966371,0.006522288545966148,3
124182,0.001413362449966371,0.005141702946275473,3
124183,0.001413362449966371,0.004883443471044302,3
124184,0.001413362449966371,0.004719078075140715,3
124185,0.001413362449966371,0.004636678379029036,3
124186,0.001413362449966371,0.00503107625991106,3
124187,0.001413362449966371,0.00461402116343379,3
124188,0.001413362449966371,0.004442416597157717,3
124189,0.001413362449966371,0.0028819742146879435,3
124190,0.001413362449966371,0.001837671734392643,3
124191,0.001413362449966371,0.0018121401080861688,3
124192,0.001413362449966371,0.0014048733282834291,3
124193,0.001413362449966371,0.00156064098700881,3
124194,0.001413362449966371,0.0015558103332296014,3
124195,0.001413362449966371,0.001472078962251544,3
124196,0.001413362449966371,0.0020138390827924013,3
124197,0.001413362449966371,0.0018423551227897406,3
124198,0.001413362449966371,0.0019794697873294353,3
124199,0.001413362449966371,0.0024034418165683746,3
124200,0.001413362449966371,0.002461605239659548,3
124201,0.001413362449966371,0.0027675465680658817,3
124202,0.001413362449966371,0.0032196128740906715,3
124203,0.001413362449966371,0.0034181850496679544,3
124204,0.001413362449966371,0.002938617020845413,3
124205,0.001413362449966371,0.004671312402933836,3
124206,0.001413362449966371,0.004399624653160572,3
124207,0.001413362449966371,0.005964256357401609,3
124208,0.001413362449966371,0.00374106178060174,3
124209,0.001413362449966371,0.0044244867749512196,3
124210,0.001413362449966371,0.0037263785488903522,3
124211,0.001413362449966371,0.003647892503067851,3
124212,0.001413362449966371,0.003439006395637989,3
124213,0.001413362449966371,0.002105781575664878,3
124214,0.001413362449966371,0.005969981662929058,3
124215,0.001413362449966371,0.003645721124485135,3
124216,0.001413362449966371,0.002500958973541856,3
124217,0.001413362449966371,0.0032868904527276754,3
124218,0.001413362449966371,0.0014885313576087356,3
124219,0.001413362449966371,0.0013494921149685979,3
124220,0.001413362449966371,0.0013395145069807768,3
124221,0.001413362449966371,0.002153713721781969,3
124222,0.001413362449966371,0.0064876689575612545,3
124223,0.001413362449966371,0.006209666840732098,3
124224,0.001413362449966371,0.0026818246114999056,3
124225,0.001413362449966371,0.007188437972217798,3
124226,0.001413362449966371,0.0014257990987971425,3
124227,0.001413362449966371,0.016074275597929955,3
124228,0.001413362449966371,0.0034184411633759737,3
124229,0.001413362449966371,0.0031327237375080585,3
124230,0.001413362449966371,0.0020857008639723063,3
124231,0.001413362449966371,0.0019662021659314632,3
124232,0.001413362449966371,0.0019049892434850335,3
124233,0.001413362449966371,0.002085326472297311,3
124234,0.001413362449966371,0.0023527590092271566,3
124235,0.001413362449966371,0.002590071875602007,3
124236,0.001413362449966371,0.0032530068419873714,3
124237,0.001413362449966371,0.002629640279337764,3
124238,0.001413362449966371,0.003522454295307398,3
124239,0.001413362449966371,0.0022086070384830236,3
124240,0.001413362449966371,0.0019201167160645127,3
124241,0.001413362449966371,0.0016150767914950848,3
124242,0.001413362449966371,0.0016552475281059742,3
124243,0.001413362449966371,0.0017258411971852183,3
124244,0.001413362449966371,0.0018504001200199127,3
124245,0.001413362449966371,0.001597809256054461,3
124246,0.001413362449966371,0.0014398506609722972,3
124247,0.001413362449966371,0.0018091618549078703,3
124248,0.001413362449966371,0.004138737451285124,3
124249,0.001413362449966371,0.001867877785116434,3
124250,0.001413362449966371,0.0024391210172325373,3
124251,0.001413362449966371,0.0014375115279108286,3
124252,0.001413362449966371,0.0013839808525517583,3
124253,0.001413362449966371,0.0026628130581229925,3
124254,0.001413362449966371,0.0022048898972570896,3
124255,0.001413362449966371,0.001992408651858568,3
124256,0.001413362449966371,0.0017091588815674186,3
124257,0.001413362449966371,0.0017136756796389818,3
124258,0.001413362449966371,0.0028395424596965313,3
124259,0.001413362449966371,0.0031193355098366737,3
124260,0.001413362449966371,0.005105630028992891,3
124261,0.001413362449966371,0.01832202449440956,3
124262,0.001413362449966371,0.0024105196353048086,3
124263,0.001413362449966371,0.00422412995249033,3
124264,0.001413362449966371,0.003268331289291382,3
124265,0.001413362449966371,0.010647669434547424,3
124266,0.001413362449966371,0.005594514776021242,3
124267,0.001413362449966371,0.0057648117654025555,3
124268,0.001413362449966371,0.00832327175885439,3
124269,0.001413362449966371,0.009608344174921513,3
124270,0.001413362449966371,0.01122911274433136,3
124271,0.001413362449966371,0.006589734926819801,3
124272,0.001413362449966371,0.004659175407141447,3
124273,0.001413362449966371,0.004469659645110369,3
124274,0.001413362449966371,0.006910346914082766,3
124275,0.001413362449966371,0.005317030008882284,3
124276,0.001413362449966371,0.004705028608441353,3
124277,0.001413362449966371,0.00439823605120182,3
124278,0.001413362449966371,0.005333609879016876,3
124279,0.001413362449966371,0.009200770407915115,3
124280,0.001413362449966371,0.01006893627345562,3
124281,0.001413362449966371,0.006448926869779825,3
124282,0.001413362449966371,0.00949506089091301,3
124283,0.001413362449966371,0.009078002534806728,3
124284,0.001413362449966371,0.007312137167900801,3
124285,0.001413362449966371,0.006264631636440754,3
124286,0.001413362449966371,0.008696548640727997,3
124287,0.001413362449966371,0.00803997740149498,3
124288,0.001413362449966371,0.004915308672934771,3
124289,0.001413362449966371,0.004012605175375938,3
124290,0.001413362449966371,0.002850146731361747,3
124291,0.001413362449966371,0.0027332508470863104,3
124292,0.001413362449966371,0.0037068345118314028,3
124293,0.001413362449966371,0.004567287862300873,3
124294,0.001413362449966371,0.004182039760053158,3
124295,0.001413362449966371,0.00317059806548059,3
124296,0.001413362449966371,0.0026914773043245077,3
124297,0.001413362449966371,0.0021283775568008423,3
124298,0.001413362449966371,0.00259379087947309,3
124299,0.001413362449966371,0.0035774202551692724,3
124300,0.001413362449966371,0.0038441731594502926,3
124301,0.001413362449966371,0.003170731943100691,3
124302,0.001413362449966371,0.002443813718855381,3
124303,0.001413362449966371,0.0018113291589543223,3
124304,0.001413362449966371,0.0015822586137801409,3
124305,0.001413362449966371,0.0014838274801149964,3
124306,0.001413362449966371,0.0014045150019228458,3
124307,0.001413362449966371,0.0017356278840452433,3
124308,0.001413362449966371,0.0020594685338437557,3
124309,0.001413362449966371,0.0021681291982531548,3
124310,0.001413362449966371,0.002056009601801634,3
124311,0.001413362449966371,0.002159278839826584,3
124312,0.001413362449966371,0.002532102633267641,3
124313,0.001413362449966371,0.0020341596100479364,3
124314,0.001413362449966371,0.0017976256785914302,3
124315,0.001413362449966371,0.0012735114432871342,3
124316,0.001413362449966371,0.0017448707949370146,3
124317,0.001413362449966371,0.0020624292083084583,3
124318,0.001413362449966371,0.002210667822510004,3
124319,0.001413362449966371,0.001846234081313014,3
124320,0.001413362449966371,0.0017138675320893526,3
124321,0.001413362449966371,0.0010916695464402437,3
124322,0.001413362449966371,0.0012045711046084762,3
124323,0.001413362449966371,0.0012069629738107324,3
124324,0.001413362449966371,0.0010922026121988893,3
124325,0.001413362449966371,0.0013602972030639648,3
124326,0.001413362449966371,0.001664974493905902,3
124327,0.001413362449966371,0.0016621912363916636,3
124328,0.001413362449966371,0.001883703633211553,3
124329,0.001413362449966371,0.002267298521474004,3
124330,0.001413362449966371,0.0027438609395176172,3
124331,0.001413362449966371,0.003463493660092354,3
124332,0.001413362449966371,0.0025896443985402584,3
124333,0.001413362449966371,0.0012482553720474243,3
124334,0.001413362449966371,0.0019658119417726994,3
124335,0.001413362449966371,0.0032365217339247465,3
124336,0.001413362449966371,0.00309401610866189,3
124337,0.001413362449966371,0.0024370679166167974,3
124338,0.001413362449966371,0.0021937380079180002,3
124339,0.001413362449966371,0.001964278519153595,3
124340,0.001413362449966371,0.0013111698208376765,3
124341,0.001413362449966371,0.0009644661331549287,3
124342,0.001413362449966371,0.0016399120213463902,3
124343,0.001413362449966371,0.0013919135089963675,3
124344,0.001413362449966371,0.004225223325192928,3
124345,0.001413362449966371,0.00737123703584075,3
124346,0.001413362449966371,0.009195602498948574,3
124347,0.001413362449966371,0.02480044774711132,3
124348,0.001413362449966371,0.007875770330429077,3
124349,0.001413362449966371,0.010368921793997288,3
124350,0.001413362449966371,0.006975172553211451,3
124351,0.001413362449966371,0.0032650025095790625,3
124352,0.001413362449966371,0.005040451418608427,3
124353,0.001413362449966371,0.00606289179995656,3
124354,0.001413362449966371,0.006821856368333101,3
124355,0.001413362449966371,0.005777949932962656,3
124356,0.001413362449966371,0.0038798372261226177,3
124357,0.001413362449966371,0.002168805804103613,3
124358,0.001413362449966371,0.002852870151400566,3
124359,0.001413362449966371,0.0020947244483977556,3
124360,0.001413362449966371,0.002969876630231738,3
124361,0.001413362449966371,0.0025789435021579266,3
124362,0.001413362449966371,0.0016299699200317264,3
124363,0.001413362449966371,0.0023731824476271868,3
124364,0.001413362449966371,0.0031987312249839306,3
124365,0.001413362449966371,0.003230908652767539,3
124366,0.001413362449966371,0.003149316878989339,3
124367,0.001413362449966371,0.003402977716177702,3
124368,0.001413362449966371,0.004510445054620504,3
124369,0.001413362449966371,0.0036753853783011436,3
124370,0.001413362449966371,0.003348897211253643,3
124371,0.001413362449966371,0.004475252237170935,3
124372,0.001413362449966371,0.0040856110863387585,3
124373,0.001413362449966371,0.0033040535636246204,3
124374,0.001413362449966371,0.0029237798880785704,3
124375,0.001413362449966371,0.002925924491137266,3
124376,0.001413362449966371,0.003220678772777319,3
124377,0.001413362449966371,0.0031484283972531557,3
124378,0.001413362449966371,0.0028317172545939684,3
124379,0.001413362449966371,0.002688162261620164,3
124380,0.001413362449966371,0.0024206265807151794,3
124381,0.001413362449966371,0.003506189677864313,3
124382,0.001413362449966371,0.005709598772227764,3
124383,0.001413362449966371,0.007833214476704597,3
124384,0.001413362449966371,0.00893307477235794,3
124385,0.001413362449966371,0.0073607489466667175,3
124386,0.001413362449966371,0.005659268703311682,3
124387,0.001413362449966371,0.006010410375893116,3
124388,0.001413362449966371,0.0031237422954291105,3
124389,0.001413362449966371,0.001761216321028769,3
124390,0.001413362449966371,0.002778422785922885,3
124391,0.001413362449966371,0.004244010895490646,3
124392,0.001413362449966371,0.0022126734256744385,3
124393,0.001413362449966371,0.0026145505253225565,3
124394,0.001413362449966371,0.0020220980513840914,3
124395,0.001413362449966371,0.002120886230841279,3
124396,0.001413362449966371,0.002407107036560774,3
124397,0.001413362449966371,0.002341049024835229,3
124398,0.001413362449966371,0.0021236909087747335,3
124399,0.001413362449966371,0.0022821403108537197,3
124400,0.001413362449966371,0.0021321563981473446,3
124401,0.001413362449966371,0.0022606682032346725,3
124402,0.001413362449966371,0.002091563306748867,3
124403,0.001413362449966371,0.002346900524571538,3
124404,0.001413362449966371,0.0026055749040097,3
124405,0.001413362449966371,0.002859788481146097,3
124406,0.001413362449966371,0.0023148925974965096,3
124407,0.001413362449966371,0.0021442463621497154,3
124408,0.001413362449966371,0.004230311140418053,3
124409,0.001413362449966371,0.004371265880763531,3
124410,0.001413362449966371,0.0049316114746034145,3
124411,0.001413362449966371,0.004504660610109568,3
124412,0.001413362449966371,0.00401698611676693,3
124413,0.001413362449966371,0.003443244146183133,3
124414,0.001413362449966371,0.0038788302335888147,3
124415,0.001413362449966371,0.0021353005431592464,3
124416,0.001413362449966371,0.0031058075837790966,3
124417,0.001413362449966371,0.0023792742285877466,3
124418,0.001413362449966371,0.002033838303759694,3
124419,0.001413362449966371,0.0016196075594052672,3
124420,0.001413362449966371,0.0017983465222641826,3
124421,0.001413362449966371,0.0019015652360394597,3
124422,0.001413362449966371,0.0017070785397663713,3
124423,0.001413362449966371,0.006233931053429842,3
124424,0.001413362449966371,0.016239162534475327,3
124425,0.001413362449966371,0.006161057390272617,3
124426,0.001413362449966371,0.006187151186168194,3
124427,0.001413362449966371,0.016575582325458527,3
124428,0.001413362449966371,0.0036292921286076307,3
124429,0.001413362449966371,0.0030926947947591543,3
124430,0.001413362449966371,0.008737262338399887,3
124431,0.001413362449966371,0.011166099458932877,3
124432,0.001413362449966371,0.0020974541548639536,3
124433,0.001413362449966371,0.002101810881868005,3
124434,0.001413362449966371,0.002913312055170536,3
124435,0.001413362449966371,0.002304289024323225,3
124436,0.001413362449966371,0.002405446022748947,3
124437,0.001413362449966371,0.0033494557719677687,3
124438,0.001413362449966371,0.0034203899558633566,3
124439,0.001413362449966371,0.0022990270517766476,3
124440,0.001413362449966371,0.0030711060389876366,3
124441,0.001413362449966371,0.004852918442338705,3
124442,0.001413362449966371,0.0032913945615291595,3
124443,0.001413362449966371,0.002696587471291423,3
124444,0.001413362449966371,0.0020792721770703793,3
124445,0.001413362449966371,0.0015792527701705694,3
124446,0.001413362449966371,0.0015772385522723198,3
124447,0.001413362449966371,0.0020247078500688076,3
124448,0.001413362449966371,0.0027489725034683943,3
124449,0.001413362449966371,0.002386036328971386,3
124450,0.001413362449966371,0.0020400979556143284,3
124451,0.001413362449966371,0.0016630981117486954,3
124452,0.001413362449966371,0.0015062426682561636,3
124453,0.001413362449966371,0.0016050802078098059,3
124454,0.001413362449966371,0.0018703793175518513,3
124455,0.001413362449966371,0.00219783466309309,3
124456,0.001413362449966371,0.0027400371618568897,3
124457,0.001413362449966371,0.0027608596719801426,3
124458,0.001413362449966371,0.005703494418412447,3
124459,0.001413362449966371,0.009519991464912891,3
124460,0.001413362449966371,0.025369349867105484,3
124461,0.001413362449966371,0.002600924577564001,3
124462,0.001413362449966371,0.0015645136591047049,3
124463,0.001413362449966371,0.0018850730266422033,3
124464,0.001413362449966371,0.0018879113486036658,3
124465,0.001413362449966371,0.0018668156117200851,3
124466,0.001413362449966371,0.0015098312869668007,3
124467,0.001413362449966371,0.002192388055846095,3
124468,0.001413362449966371,0.0029227016493678093,3
124469,0.001413362449966371,0.0024950893130153418,3
124470,0.001413362449966371,0.00210574665106833,3
124471,0.001413362449966371,0.0017388230189681053,3
124472,0.001413362449966371,0.0023338287137448788,3
124473,0.001413362449966371,0.002081328071653843,3
124474,0.001413362449966371,0.0038261422887444496,3
124475,0.001413362449966371,0.007904560305178165,3
124476,0.001413362449966371,0.012164922431111336,3
124477,0.001413362449966371,0.0073406589217484,3
124478,0.001413362449966371,0.009102385491132736,3
124479,0.001413362449966371,0.00682988902553916,3
124480,0.001413362449966371,0.005141416564583778,3
124481,0.001413362449966371,0.004583379719406366,3
124482,0.001413362449966371,0.005670302081853151,3
124483,0.001413362449966371,0.007070394232869148,3
124484,0.001413362449966371,0.005699514877051115,3
124485,0.001413362449966371,0.0030073560774326324,3
124486,0.001413362449966371,0.001992692006751895,3
124487,0.001413362449966371,0.0016792529495432973,3
124488,0.001413362449966371,0.002435884904116392,3
124489,0.001413362449966371,0.001959690125659108,3
124490,0.001413362449966371,0.0021922229789197445,3
124491,0.001413362449966371,0.0021358844824135303,3
124492,0.001413362449966371,0.0020810947753489017,3
124493,0.001413362449966371,0.003143156412988901,3
124494,0.001413362449966371,0.001834890921600163,3
124495,0.001413362449966371,0.014413295313715935,3
124496,0.001413362449966371,0.006851851940155029,3
124497,0.001413362449966371,0.0011295285075902939,3
124498,0.001413362449966371,0.0025845421478152275,3
124499,0.001413362449966371,0.003488166257739067,3
124500,0.001413362449966371,0.004294756334275007,3
124501,0.001413362449966371,0.004198247566819191,3
124502,0.001413362449966371,0.004155959468334913,3
124503,0.001413362449966371,0.0029003603849560022,3
124504,0.001413362449966371,0.003644222393631935,3
124505,0.001413362449966371,0.0032939102966338396,3
124506,0.001413362449966371,0.0020072755869477987,3
124507,0.001413362449966371,0.004363958723843098,3
124508,0.001413362449966371,0.004276033956557512,3
124509,0.001413362449966371,0.00379126681946218,3
124510,0.001413362449966371,0.0038025397807359695,3
124511,0.001413362449966371,0.005665804725140333,3
124512,0.001413362449966371,0.005406525451689959,3
124513,0.001413362449966371,0.004950346890836954,3
124514,0.001413362449966371,0.006167592480778694,3
124515,0.001413362449966371,0.007453708443790674,3
124516,0.001413362449966371,0.006207117810845375,3
124517,0.001413362449966371,0.010264948010444641,3
124518,0.001413362449966371,0.005244077183306217,3
124519,0.001413362449966371,0.012102878652513027,3
124520,0.001413362449966371,0.005858436692506075,3
124521,0.001413362449966371,0.010720668360590935,3
124522,0.001413362449966371,0.0064403582364320755,3
124523,0.001413362449966371,0.010660374537110329,3
124524,0.001413362449966371,0.006906351540237665,3
124525,0.001413362449966371,0.009634138084948063,3
124526,0.001413362449966371,0.01280800998210907,3
124527,0.001413362449966371,0.007122596260160208,3
124528,0.001413362449966371,0.019086433574557304,3
124529,0.001413362449966371,0.006889893673360348,3
124530,0.001413362449966371,0.010004667565226555,3
124531,0.001413362449966371,0.009144566021859646,3
124532,0.001413362449966371,0.006073140073567629,3
124533,0.001413362449966371,0.009778542444109917,3
124534,0.001413362449966371,0.012153548188507557,3
124535,0.001413362449966371,0.006863045040518045,3
124536,0.001413362449966371,0.005545526742935181,3
124537,0.001413362449966371,0.004003879614174366,3
124538,0.001413362449966371,0.0034870353993028402,3
124539,0.001413362449966371,0.003475464414805174,3
124540,0.001413362449966371,0.003530676243826747,3
124541,0.001413362449966371,0.0032621645368635654,3
124542,0.001413362449966371,0.0037944058421999216,3
124543,0.001413362449966371,0.0033298537600785494,3
124544,0.001413362449966371,0.0029447455890476704,3
124545,0.001413362449966371,0.0026270595844835043,3
124546,0.001413362449966371,0.0022183163091540337,3
124547,0.001413362449966371,0.002067659981548786,3
124548,0.001413362449966371,0.0018774800701066852,3
124549,0.001413362449966371,0.0016025126678869128,3
124550,0.001413362449966371,0.0016054637962952256,3
124551,0.001413362449966371,0.0017109166365116835,3
124552,0.001413362449966371,0.0022215056233108044,3
124553,0.001413362449966371,0.0026979022659361362,3
124554,0.001413362449966371,0.003330502426251769,3
124555,0.001413362449966371,0.003120891749858856,3
124556,0.001413362449966371,0.002629130147397518,3
124557,0.001413362449966371,0.001617569592781365,3
124558,0.001413362449966371,0.001053461106494069,3
124559,0.001413362449966371,0.0008234654669649899,3
124560,0.001413362449966371,0.0011536641977727413,3
124561,0.001413362449966371,0.0014586271718144417,3
124562,0.001413362449966371,0.0015072172973304987,3
124563,0.001413362449966371,0.001468123635277152,3
124564,0.001413362449966371,0.001492232084274292,3
124565,0.001413362449966371,0.0017075705109164119,3
124566,0.001413362449966371,0.0026840846985578537,3
124567,0.001413362449966371,0.014469805173575878,3
124568,0.001413362449966371,0.0032585232984274626,3
124569,0.001413362449966371,0.008093196898698807,3
124570,0.001413362449966371,0.017148371785879135,3
124571,0.001413362449966371,0.006459888070821762,3
124572,0.001413362449966371,0.03593657910823822,3
124573,0.001413362449966371,0.003955886699259281,3
124574,0.001413362449966371,0.014938067644834518,3
124575,0.001413362449966371,0.007652085740119219,3
124576,0.001413362449966371,0.0372973270714283,3
124577,0.001413362449966371,0.0064568608067929745,3
124578,0.001413362449966371,0.006946505047380924,3
124579,0.001413362449966371,0.017859727144241333,3
124580,0.001413362449966371,0.010927561670541763,3
124581,0.001413362449966371,0.006493945140391588,3
124582,0.001413362449966371,0.008740890771150589,3
124583,0.001413362449966371,0.007947679609060287,3
124584,0.001413362449966371,0.008020050823688507,3
124585,0.001413362449966371,0.009956823661923409,3
124586,0.001413362449966371,0.010354964062571526,3
124587,0.001413362449966371,0.006569065153598785,3
124588,0.001413362449966371,0.009361693635582924,3
124589,0.001413362449966371,0.006209207698702812,3
124590,0.001413362449966371,0.004412424750626087,3
124591,0.001413362449966371,0.00416568573564291,3
124592,0.001413362449966371,0.005065412260591984,3
124593,0.001413362449966371,0.007839791476726532,3
124594,0.001413362449966371,0.008320888504385948,3
124595,0.001413362449966371,0.006862298119813204,3
124596,0.001413362449966371,0.005201961379498243,3
124597,0.001413362449966371,0.0030774478800594807,3
124598,0.001413362449966371,0.00408860994502902,3
124599,0.001413362449966371,0.003235406242311001,3
124600,0.001413362449966371,0.0033017294481396675,3
124601,0.001413362449966371,0.005580022931098938,3
124602,0.001413362449966371,0.003226717934012413,3
124603,0.001413362449966371,0.003940512891858816,3
124604,0.001413362449966371,0.0025725383311510086,3
124605,0.001413362449966371,0.001699613407254219,3
124606,0.001413362449966371,0.0020172137301415205,3
124607,0.001413362449966371,0.0061242482624948025,3
124608,0.001413362449966371,0.00644707353785634,3
124609,0.001413362449966371,0.008525997400283813,3
124610,0.001413362449966371,0.005263103637844324,3
124611,0.001413362449966371,0.00227371696382761,3
124612,0.001413362449966371,0.005889467429369688,3
124613,0.001413362449966371,0.0034372175578027964,3
124614,0.001413362449966371,0.0023009779397398233,3
124615,0.001413362449966371,0.0036553693935275078,3
124616,0.001413362449966371,0.0016004303470253944,3
124617,0.001413362449966371,0.0014744694344699383,3
124618,0.001413362449966371,0.0023290379904210567,3
124619,0.001413362449966371,0.001684512128122151,3
124620,0.001413362449966371,0.0015211761929094791,3
124621,0.001413362449966371,0.0016710767522454262,3
124622,0.001413362449966371,0.0016942402580752969,3
124623,0.001413362449966371,0.0023073586635291576,3
124624,0.001413362449966371,0.0024202088825404644,3
124625,0.001413362449966371,0.002509437734261155,3
124626,0.001413362449966371,0.0039114151149988174,3
124627,0.001413362449966371,0.0039795017801225185,3
124628,0.001413362449966371,0.007298790849745274,3
124629,0.001413362449966371,0.003927727695554495,3
124630,0.001413362449966371,0.007147315423935652,3
124631,0.001413362449966371,0.006783682387322187,3
124632,0.001413362449966371,0.013357724994421005,3
124633,0.001413362449966371,0.005003339145332575,3
124634,0.001413362449966371,0.007516910787671804,3
124635,0.001413362449966371,0.009953883476555347,3
124636,0.001413362449966371,0.003422820009291172,3
124637,0.001413362449966371,0.006438263226300478,3
124638,0.001413362449966371,0.0020991452038288116,3
124639,0.001413362449966371,0.003997168969362974,3
124640,0.001413362449966371,0.0036713615991175175,3
124641,0.001413362449966371,0.0032577470410615206,3
124642,0.001413362449966371,0.00204474781639874,3
124643,0.001413362449966371,0.0019773852545768023,3
124644,0.001413362449966371,0.004001328721642494,3
124645,0.001413362449966371,0.003014054847881198,3
124646,0.001413362449966371,0.003142498666420579,3
124647,0.001413362449966371,0.0040127732791006565,3
124648,0.001413362449966371,0.0026671106461435556,3
124649,0.001413362449966371,0.0037701677065342665,3
124650,0.001413362449966371,0.0026212846860289574,3
124651,0.001413362449966371,0.002698916010558605,3
124652,0.001413362449966371,0.004492397420108318,3
124653,0.001413362449966371,0.0058910739608109,3
124654,0.001413362449966371,0.00460246903821826,3
124655,0.001413362449966371,0.005528737790882587,3
124656,0.001413362449966371,0.011384091340005398,3
124657,0.001413362449966371,0.009069998748600483,3
124658,0.001413362449966371,0.003347141435369849,3
124659,0.001413362449966371,0.024522831663489342,3
124660,0.001413362449966371,0.00636267988011241,3
124661,0.001413362449966371,0.003699467284604907,3
124662,0.001413362449966371,0.014183717779815197,3
124663,0.001413362449966371,0.008278781548142433,3
124664,0.001413362449966371,0.005340618081390858,3
124665,0.001413362449966371,0.006392670329660177,3
124666,0.001413362449966371,0.01079400535672903,3
124667,0.001413362449966371,0.002951097209006548,3
124668,0.001413362449966371,0.0042035141959786415,3
124669,0.001413362449966371,0.00624892208725214,3
124670,0.001413362449966371,0.008073733188211918,3
124671,0.001413362449966371,0.010135932825505733,3
124672,0.001413362449966371,0.00579131068661809,3
124673,0.001413362449966371,0.005213001277297735,3
124674,0.001413362449966371,0.0034293162170797586,3
124675,0.001413362449966371,0.004056813661009073,3
124676,0.001413362449966371,0.0038056536577641964,3
124677,0.001413362449966371,0.003041441086679697,3
124678,0.001413362449966371,0.003232155228033662,3
124679,0.001413362449966371,0.0034674261696636677,3
124680,0.001413362449966371,0.0036380270030349493,3
124681,0.001413362449966371,0.003834835020825267,3
124682,0.001413362449966371,0.004329212009906769,3
124683,0.001413362449966371,0.0028979156631976366,3
124684,0.001413362449966371,0.0023150115739554167,3
124685,0.001413362449966371,0.0017644527833908796,3
124686,0.001413362449966371,0.0015690481523051858,3
124687,0.001413362449966371,0.004139870870858431,3
124688,0.001413362449966371,0.0076494659297168255,3
124689,0.001413362449966371,0.016409359872341156,3
124690,0.001413362449966371,0.0017566573806107044,3
124691,0.001413362449966371,0.002528324956074357,3
124692,0.001413362449966371,0.004211258143186569,3
124693,0.001413362449966371,0.0020667072385549545,3
124694,0.001413362449966371,0.0033735507167875767,3
124695,0.001413362449966371,0.0031941502820700407,3
124696,0.001413362449966371,0.044551923871040344,3
124697,0.001413362449966371,0.003268331289291382,3
124698,0.001413362449966371,0.010647669434547424,3
124699,0.001413362449966371,0.005594514776021242,3
124700,0.001413362449966371,0.0057648117654025555,3
124701,0.001413362449966371,0.00832327175885439,3
124702,0.001413362449966371,0.009608344174921513,3
124703,0.001413362449966371,0.01122911274433136,3
124704,0.001413362449966371,0.006589734926819801,3
124705,0.001413362449966371,0.004659175407141447,3
124706,0.001413362449966371,0.004469659645110369,3
124707,0.001413362449966371,0.006910346914082766,3
124708,0.001413362449966371,0.005317030008882284,3
124709,0.001413362449966371,0.004705028608441353,3
124710,0.001413362449966371,0.00439823605120182,3
124711,0.001413362449966371,0.005333609879016876,3
124712,0.001413362449966371,0.009200770407915115,3
124713,0.001413362449966371,0.01006893627345562,3
124714,0.001413362449966371,0.006448926869779825,3
124715,0.001413362449966371,0.00949506089091301,3
124716,0.001413362449966371,0.009078002534806728,3
124717,0.001413362449966371,0.007312137167900801,3
124718,0.001413362449966371,0.006264631636440754,3
124719,0.001413362449966371,0.008696548640727997,3
124720,0.001413362449966371,0.00803997740149498,3
124721,0.001413362449966371,0.004915308672934771,3
124722,0.001413362449966371,0.004012605175375938,3
124723,0.001413362449966371,0.002850146731361747,3
124724,0.001413362449966371,0.0027332508470863104,3
124725,0.001413362449966371,0.0037068345118314028,3
124726,0.001413362449966371,0.004567287862300873,3
124727,0.001413362449966371,0.004182039760053158,3
124728,0.001413362449966371,0.00317059806548059,3
124729,0.001413362449966371,0.0026914773043245077,3
124730,0.001413362449966371,0.0021283775568008423,3
124731,0.001413362449966371,0.00259379087947309,3
124732,0.001413362449966371,0.0035774202551692724,3
124733,0.001413362449966371,0.0038441731594502926,3
124734,0.001413362449966371,0.003170731943100691,3
124735,0.001413362449966371,0.002443813718855381,3
124736,0.001413362449966371,0.0018113291589543223,3
124737,0.001413362449966371,0.0015822586137801409,3
124738,0.001413362449966371,0.0014838274801149964,3
124739,0.001413362449966371,0.0014045150019228458,3
124740,0.001413362449966371,0.0017356278840452433,3
124741,0.001413362449966371,0.0020594685338437557,3
124742,0.001413362449966371,0.0021681291982531548,3
124743,0.001413362449966371,0.002056009601801634,3
124744,0.001413362449966371,0.002159278839826584,3
124745,0.001413362449966371,0.002532102633267641,3
124746,0.001413362449966371,0.0020341596100479364,3
124747,0.001413362449966371,0.0017976256785914302,3
124748,0.001413362449966371,0.0012735114432871342,3
124749,0.001413362449966371,0.0017448707949370146,3
124750,0.001413362449966371,0.0020624292083084583,3
124751,0.001413362449966371,0.002210667822510004,3
124752,0.001413362449966371,0.001846234081313014,3
124753,0.001413362449966371,0.0017138675320893526,3
124754,0.001413362449966371,0.0010916695464402437,3
124755,0.001413362449966371,0.0012045711046084762,3
124756,0.001413362449966371,0.0012069629738107324,3
124757,0.001413362449966371,0.0010922026121988893,3
124758,0.001413362449966371,0.0013602972030639648,3
124759,0.001413362449966371,0.001664974493905902,3
124760,0.001413362449966371,0.0016621912363916636,3
124761,0.001413362449966371,0.001883703633211553,3
124762,0.001413362449966371,0.002267298521474004,3
124763,0.001413362449966371,0.0027438609395176172,3
124764,0.001413362449966371,0.003463493660092354,3
124765,0.001413362449966371,0.0025896443985402584,3
124766,0.001413362449966371,0.0012482553720474243,3
124767,0.001413362449966371,0.0019658119417726994,3
124768,0.001413362449966371,0.0032365217339247465,3
124769,0.001413362449966371,0.00309401610866189,3
124770,0.001413362449966371,0.0024370679166167974,3
124771,0.001413362449966371,0.0021937380079180002,3
124772,0.001413362449966371,0.001964278519153595,3
124773,0.001413362449966371,0.0013111698208376765,3
124774,0.001413362449966371,0.0009644661331549287,3
124775,0.001413362449966371,0.0016399120213463902,3
124776,0.001413362449966371,0.0013919135089963675,3
124777,0.001413362449966371,0.004225223325192928,3
124778,0.001413362449966371,0.00737123703584075,3
124779,0.001413362449966371,0.009195602498948574,3
124780,0.001413362449966371,0.02480044774711132,3
124781,0.001413362449966371,0.007875770330429077,3
124782,0.001413362449966371,0.010368921793997288,3
124783,0.001413362449966371,0.006975172553211451,3
124784,0.001413362449966371,0.0032650025095790625,3
124785,0.001413362449966371,0.005040451418608427,3
124786,0.001413362449966371,0.00606289179995656,3
124787,0.001413362449966371,0.006821856368333101,3
124788,0.001413362449966371,0.005777949932962656,3
124789,0.001413362449966371,0.0038798372261226177,3
124790,0.001413362449966371,0.002168805804103613,3
124791,0.001413362449966371,0.002852870151400566,3
124792,0.001413362449966371,0.0020947244483977556,3
124793,0.001413362449966371,0.002969876630231738,3
124794,0.001413362449966371,0.0025789435021579266,3
124795,0.001413362449966371,0.0016299699200317264,3
124796,0.001413362449966371,0.0023731824476271868,3
124797,0.001413362449966371,0.0031987312249839306,3
124798,0.001413362449966371,0.003230908652767539,3
124799,0.001413362449966371,0.003149316878989339,3
124800,0.001413362449966371,0.003402977716177702,3
124801,0.001413362449966371,0.004510445054620504,3
124802,0.001413362449966371,0.0036753853783011436,3
124803,0.001413362449966371,0.003348897211253643,3
124804,0.001413362449966371,0.004475252237170935,3
124805,0.001413362449966371,0.0040856110863387585,3
124806,0.001413362449966371,0.0033040535636246204,3
124807,0.001413362449966371,0.0029237798880785704,3
124808,0.001413362449966371,0.002925924491137266,3
124809,0.001413362449966371,0.003220678772777319,3
124810,0.001413362449966371,0.0031484283972531557,3
124811,0.001413362449966371,0.0028317172545939684,3
124812,0.001413362449966371,0.002688162261620164,3
124813,0.001413362449966371,0.0024206265807151794,3
124814,0.001413362449966371,0.003506189677864313,3
124815,0.001413362449966371,0.005709598772227764,3
124816,0.001413362449966371,0.007833214476704597,3
124817,0.001413362449966371,0.00893307477235794,3
124818,0.001413362449966371,0.0073607489466667175,3
124819,0.001413362449966371,0.005659268703311682,3
124820,0.001413362449966371,0.006010410375893116,3
124821,0.001413362449966371,0.0031237422954291105,3
124822,0.001413362449966371,0.001761216321028769,3
124823,0.001413362449966371,0.002778422785922885,3
124824,0.001413362449966371,0.004244010895490646,3
124825,0.001413362449966371,0.0022126734256744385,3
124826,0.001413362449966371,0.0026145505253225565,3
124827,0.001413362449966371,0.0020220980513840914,3
124828,0.001413362449966371,0.002120886230841279,3
124829,0.001413362449966371,0.002407107036560774,3
124830,0.001413362449966371,0.002341049024835229,3
124831,0.001413362449966371,0.0021236909087747335,3
124832,0.001413362449966371,0.0022821403108537197,3
124833,0.001413362449966371,0.0021321563981473446,3
124834,0.001413362449966371,0.0022606682032346725,3
124835,0.001413362449966371,0.002091563306748867,3
124836,0.001413362449966371,0.002346900524571538,3
124837,0.001413362449966371,0.0026055749040097,3
124838,0.001413362449966371,0.002859788481146097,3
124839,0.001413362449966371,0.0023148925974965096,3
124840,0.001413362449966371,0.0021442463621497154,3
124841,0.001413362449966371,0.004230311140418053,3
124842,0.001413362449966371,0.004371265880763531,3
124843,0.001413362449966371,0.0049316114746034145,3
124844,0.001413362449966371,0.004504660610109568,3
124845,0.001413362449966371,0.00401698611676693,3
124846,0.001413362449966371,0.003443244146183133,3
124847,0.001413362449966371,0.0038788302335888147,3
124848,0.001413362449966371,0.0021353005431592464,3
124849,0.001413362449966371,0.0031058075837790966,3
124850,0.001413362449966371,0.0023792742285877466,3
124851,0.001413362449966371,0.002033838303759694,3
124852,0.001413362449966371,0.0016196075594052672,3
124853,0.001413362449966371,0.0017983465222641826,3
124854,0.001413362449966371,0.0019015652360394597,3
124855,0.001413362449966371,0.0017070785397663713,3
124856,0.001413362449966371,0.006233931053429842,3
124857,0.001413362449966371,0.016239162534475327,3
124858,0.001413362449966371,0.006161057390272617,3
124859,0.001413362449966371,0.006187151186168194,3
124860,0.001413362449966371,0.016575582325458527,3
124861,0.001413362449966371,0.0036292921286076307,3
124862,0.001413362449966371,0.0030926947947591543,3
124863,0.001413362449966371,0.008737262338399887,3
124864,0.001413362449966371,0.011166099458932877,3
124865,0.001413362449966371,0.0020974541548639536,3
124866,0.001413362449966371,0.002101810881868005,3
124867,0.001413362449966371,0.002913312055170536,3
124868,0.001413362449966371,0.002304289024323225,3
124869,0.001413362449966371,0.002405446022748947,3
124870,0.001413362449966371,0.0033494557719677687,3
124871,0.001413362449966371,0.0034203899558633566,3
124872,0.001413362449966371,0.0022990270517766476,3
124873,0.001413362449966371,0.0030711060389876366,3
124874,0.001413362449966371,0.004852918442338705,3
124875,0.001413362449966371,0.0032913945615291595,3
124876,0.001413362449966371,0.002696587471291423,3
124877,0.001413362449966371,0.0020792721770703793,3
124878,0.001413362449966371,0.0015792527701705694,3
124879,0.001413362449966371,0.0015772385522723198,3
124880,0.001413362449966371,0.0020247078500688076,3
124881,0.001413362449966371,0.0027489725034683943,3
124882,0.001413362449966371,0.002386036328971386,3
124883,0.001413362449966371,0.0020400979556143284,3
124884,0.001413362449966371,0.0016630981117486954,3
124885,0.001413362449966371,0.0015062426682561636,3
124886,0.001413362449966371,0.0016050802078098059,3
124887,0.001413362449966371,0.0018703793175518513,3
124888,0.001413362449966371,0.00219783466309309,3
124889,0.001413362449966371,0.0027400371618568897,3
124890,0.001413362449966371,0.0027608596719801426,3
124891,0.001413362449966371,0.005703494418412447,3
124892,0.001413362449966371,0.009519991464912891,3
124893,0.001413362449966371,0.025369349867105484,3
124894,0.001413362449966371,0.002600924577564001,3
124895,0.001413362449966371,0.0015645136591047049,3
124896,0.001413362449966371,0.0018850730266422033,3
124897,0.001413362449966371,0.0018879113486036658,3
124898,0.001413362449966371,0.0018668156117200851,3
124899,0.001413362449966371,0.0015098312869668007,3
124900,0.001413362449966371,0.002192388055846095,3
124901,0.001413362449966371,0.0029227016493678093,3
124902,0.001413362449966371,0.0024950893130153418,3
124903,0.001413362449966371,0.00210574665106833,3
124904,0.001413362449966371,0.0017388230189681053,3
124905,0.001413362449966371,0.0023338287137448788,3
124906,0.001413362449966371,0.002081328071653843,3
124907,0.001413362449966371,0.0038261422887444496,3
124908,0.001413362449966371,0.007904560305178165,3
124909,0.001413362449966371,0.012164922431111336,3
124910,0.001413362449966371,0.0073406589217484,3
124911,0.001413362449966371,0.009102385491132736,3
124912,0.001413362449966371,0.00682988902553916,3
124913,0.001413362449966371,0.005141416564583778,3
124914,0.001413362449966371,0.004583379719406366,3
124915,0.001413362449966371,0.005670302081853151,3
124916,0.001413362449966371,0.007070394232869148,3
124917,0.001413362449966371,0.005699514877051115,3
124918,0.001413362449966371,0.0030073560774326324,3
124919,0.001413362449966371,0.001992692006751895,3
124920,0.001413362449966371,0.0016792529495432973,3
124921,0.001413362449966371,0.002435884904116392,3
124922,0.001413362449966371,0.001959690125659108,3
124923,0.001413362449966371,0.0021922229789197445,3
124924,0.001413362449966371,0.0021358844824135303,3
124925,0.001413362449966371,0.0020810947753489017,3
124926,0.001413362449966371,0.003143156412988901,3
124927,0.001413362449966371,0.001834890921600163,3
124928,0.001413362449966371,0.014413295313715935,3
124929,0.001413362449966371,0.006851851940155029,3
124930,0.001413362449966371,0.0011295285075902939,3
124931,0.001413362449966371,0.0025845421478152275,3
124932,0.001413362449966371,0.003488166257739067,3
124933,0.001413362449966371,0.004294756334275007,3
124934,0.001413362449966371,0.004062317311763763,3
124935,0.001413362449966371,0.003534725634381175,3
124936,0.001413362449966371,0.0015277479542419314,3
124937,0.001413362449966371,0.006803574506193399,3
124938,0.001413362449966371,0.0030517717823386192,3
124939,0.001413362449966371,0.0011656794231384993,3
124940,0.001413362449966371,0.0038950666785240173,3
124941,0.001413362449966371,0.0022099604830145836,3
124942,0.001413362449966371,0.00198562815785408,3
124943,0.001413362449966371,0.0031798642594367266,3
124944,0.001413362449966371,0.0028993296436965466,3
124945,0.001413362449966371,0.0028481564950197935,3
124946,0.001413362449966371,0.005671734921634197,3
124947,0.001413362449966371,0.006815740838646889,3
124948,0.001413362449966371,0.00799714494496584,3
124949,0.001413362449966371,0.009558163583278656,3
124950,0.001413362449966371,0.011075514368712902,3
124951,0.001413362449966371,0.0064564417116343975,3
124952,0.001413362449966371,0.009472085162997246,3
124953,0.001413362449966371,0.006537693087011576,3
124954,0.001413362449966371,0.009515959769487381,3
124955,0.001413362449966371,0.007793937344104052,3
124956,0.001413362449966371,0.02605069801211357,3
124957,0.001413362449966371,0.005857004318386316,3
124958,0.001413362449966371,0.022078922018408775,3
124959,0.001413362449966371,0.01123503502458334,3
124960,0.001413362449966371,0.007186122238636017,3
124961,0.001413362449966371,0.009315215982496738,3
124962,0.001413362449966371,0.008547930046916008,3
124963,0.001413362449966371,0.01293972134590149,3
124964,0.001413362449966371,0.006392524112015963,3
124965,0.001413362449966371,0.00657300790771842,3
124966,0.001413362449966371,0.00940592959523201,3
124967,0.001413362449966371,0.011609790846705437,3
124968,0.001413362449966371,0.005097799468785524,3
124969,0.001413362449966371,0.004460211377590895,3
124970,0.001413362449966371,0.004323943518102169,3
124971,0.001413362449966371,0.004558985587209463,3
124972,0.001413362449966371,0.003585853846743703,3
124973,0.001413362449966371,0.0034449887461960316,3
124974,0.001413362449966371,0.002564549446105957,3
124975,0.001413362449966371,0.0032210364006459713,3
124976,0.001413362449966371,0.0035489448346197605,3
124977,0.001413362449966371,0.0030810097232460976,3
124978,0.001413362449966371,0.002817560685798526,3
124979,0.001413362449966371,0.0023437130730599165,3
124980,0.001413362449966371,0.0020864373072981834,3
124981,0.001413362449966371,0.0017007940914481878,3
124982,0.001413362449966371,0.0014181147562339902,3
124983,0.001413362449966371,0.0015036988770589232,3
124984,0.001413362449966371,0.001896501868031919,3
124985,0.001413362449966371,0.002390695968642831,3
124986,0.001413362449966371,0.002875227015465498,3
124987,0.001413362449966371,0.003669961355626583,3
124988,0.001413362449966371,0.0038771808613091707,3
124989,0.001413362449966371,0.0033445185981690884,3
124990,0.001413362449966371,0.0022288707550615072,3
124991,0.001413362449966371,0.0012832757784053683,3
124992,0.001413362449966371,0.0008336877799592912,3
124993,0.001413362449966371,0.0008489121682941914,3
124994,0.001413362449966371,0.0013331867521628737,3
124995,0.001413362449966371,0.0016928518889471889,3
124996,0.001413362449966371,0.002194416942074895,3
124997,0.001413362449966371,0.002253382932394743,3
124998,0.001413362449966371,0.0018898526905104518,3
124999,0.001413362449966371,0.001983853057026863,3
125000,0.001413362449966371,0.034345582127571106,3
125001,0.001413362449966371,0.004230851773172617,3
125002,0.001413362449966371,0.020459631457924843,3
125003,0.001413362449966371,0.0020530731417238712,3
125004,0.001413362449966371,0.010024836286902428,3
125005,0.001413362449966371,0.0026891077868640423,3
125006,0.001413362449966371,0.01715994067490101,3
125007,0.001413362449966371,0.003966495860368013,3
125008,0.001413362449966371,0.014200498349964619,3
125009,0.001413362449966371,0.006718382239341736,3
125010,0.001413362449966371,0.007154684513807297,3
125011,0.001413362449966371,0.009619812481105328,3
125012,0.001413362449966371,0.006960206665098667,3
125013,0.001413362449966371,0.006282465066760778,3
125014,0.001413362449966371,0.008204691112041473,3
125015,0.001413362449966371,0.007846188731491566,3
125016,0.001413362449966371,0.005725874099880457,3
125017,0.001413362449966371,0.004804790485650301,3
125018,0.001413362449966371,0.003456877078860998,3
125019,0.001413362449966371,0.0037038824521005154,3
125020,0.001413362449966371,0.0030874914955347776,3
125021,0.001413362449966371,0.0025308348704129457,3
125022,0.001413362449966371,0.005892476532608271,3
125023,0.001413362449966371,0.008319113403558731,3
125024,0.001413362449966371,0.009371102787554264,3
125025,0.001413362449966371,0.004679128061980009,3
125026,0.001413362449966371,0.0038869583513587713,3
125027,0.001413362449966371,0.004468259867280722,3
125028,0.001413362449966371,0.00497940368950367,3
125029,0.001413362449966371,0.00482183787971735,3
125030,0.001413362449966371,0.00469888374209404,3
125031,0.001413362449966371,0.003775486722588539,3
125032,0.001413362449966371,0.003951878286898136,3
125033,0.001413362449966371,0.006866199430078268,3
125034,0.001413362449966371,0.006680157035589218,3
125035,0.001413362449966371,0.012256825342774391,3
125036,0.001413362449966371,0.0029762396588921547,3
125037,0.001413362449966371,0.0016149546718224883,3
125038,0.001413362449966371,0.007502385880798101,3
125039,0.001413362449966371,0.0037889990489929914,3
125040,0.001413362449966371,0.004031617194414139,3
125041,0.001413362449966371,0.00475084176287055,3
125042,0.001413362449966371,0.003750968025997281,3
125043,0.001413362449966371,0.004657582379877567,3
125044,0.001413362449966371,0.001983493333682418,3
125045,0.001413362449966371,0.0019198748050257564,3
125046,0.001413362449966371,0.0011503536952659488,3
125047,0.001413362449966371,0.0021317494101822376,3
125048,0.001413362449966371,0.0026190923526883125,3
125049,0.001413362449966371,0.0018489514477550983,3
125050,0.001413362449966371,0.0021448421757668257,3
125051,0.001413362449966371,0.0015314361080527306,3
125052,0.001413362449966371,0.0026914782356470823,3
125053,0.001413362449966371,0.004579760599881411,3
125054,0.001413362449966371,0.00514616584405303,3
125055,0.001413362449966371,0.0037282221019268036,3
125056,0.001413362449966371,0.005718189757317305,3
125057,0.001413362449966371,0.005925105419009924,3
125058,0.001413362449966371,0.010428808629512787,3
125059,0.001413362449966371,0.0037362605798989534,3
125060,0.001413362449966371,0.007712400984019041,3
125061,0.001413362449966371,0.007375591434538364,3
125062,0.001413362449966371,0.020087197422981262,3
125063,0.001413362449966371,0.004804430995136499,3
125064,0.001413362449966371,0.00444789556786418,3
125065,0.001413362449966371,0.005576569586992264,3
125066,0.001413362449966371,0.0031256875954568386,3
125067,0.001413362449966371,0.002864518202841282,3
125068,0.001413362449966371,0.0029289124067872763,3
125069,0.001413362449966371,0.0023875818587839603,3
125070,0.001413362449966371,0.0027041593566536903,3
125071,0.001413362449966371,0.0034675798378884792,3
125072,0.001413362449966371,0.003724359907209873,3
125073,0.001413362449966371,0.003389236982911825,3
125074,0.001413362449966371,0.0036237568128854036,3
125075,0.001413362449966371,0.003349939128383994,3
125076,0.001413362449966371,0.003225533291697502,3
125077,0.001413362449966371,0.0029981397092342377,3
125078,0.001413362449966371,0.0027311185840517282,3
125079,0.001413362449966371,0.0029104382265359163,3
125080,0.001413362449966371,0.0038579662796109915,3
125081,0.001413362449966371,0.0047249626368284225,3
125082,0.001413362449966371,0.008344671688973904,3
125083,0.001413362449966371,0.0042833988554775715,3
125084,0.001413362449966371,0.003931873477995396,3
125085,0.001413362449966371,0.010055330581963062,3
125086,0.001413362449966371,0.008555150590837002,3
125087,0.001413362449966371,0.006551926489919424,3
125088,0.001413362449966371,0.014981433749198914,3
125089,0.001413362449966371,0.0050422330386936665,3
125090,0.001413362449966371,0.003234109841287136,3
125091,0.001413362449966371,0.003471038769930601,3
125092,0.001413362449966371,0.003655260894447565,3
125093,0.001413362449966371,0.0037575308233499527,3
125094,0.001413362449966371,0.0038734013214707375,3
125095,0.001413362449966371,0.004087930545210838,3
125096,0.001413362449966371,0.00466909958049655,3
125097,0.001413362449966371,0.003017198294401169,3
125098,0.001413362449966371,0.00311268656514585,3
125099,0.001413362449966371,0.0032006842084228992,3
125100,0.001413362449966371,0.0029796366579830647,3
125101,0.001413362449966371,0.0030884984880685806,3
125102,0.001413362449966371,0.003129851073026657,3
125103,0.001413362449966371,0.002875695237889886,3
125104,0.001413362449966371,0.0029248513747006655,3
125105,0.001413362449966371,0.0032140417024493217,3
125106,0.001413362449966371,0.001927901292219758,3
125107,0.001413362449966371,0.002150701591745019,3
125108,0.001413362449966371,0.0030079029966145754,3
125109,0.001413362449966371,0.00227520614862442,3
125110,0.001413362449966371,0.004590275231748819,3
125111,0.001413362449966371,0.01030224934220314,3
125112,0.001413362449966371,0.0023398366756737232,3
125113,0.001413362449966371,0.001878138747997582,3
125114,0.001413362449966371,0.0032259407453238964,3
125115,0.001413362449966371,0.0035664536990225315,3
125116,0.001413362449966371,0.003187865950167179,3
125117,0.001413362449966371,0.004477711860090494,3
125118,0.001413362449966371,0.010321516543626785,3
125119,0.001413362449966371,0.0029717732686549425,3
125120,0.001413362449966371,0.003268331289291382,3
125121,0.001413362449966371,0.010647669434547424,3
125122,0.001413362449966371,0.005594514776021242,3
125123,0.001413362449966371,0.0057648117654025555,3
125124,0.001413362449966371,0.00832327175885439,3
125125,0.001413362449966371,0.009608344174921513,3
125126,0.001413362449966371,0.01122911274433136,3
125127,0.001413362449966371,0.006589734926819801,3
125128,0.001413362449966371,0.004659175407141447,3
125129,0.001413362449966371,0.004469659645110369,3
125130,0.001413362449966371,0.006910346914082766,3
125131,0.001413362449966371,0.005317030008882284,3
125132,0.001413362449966371,0.004705028608441353,3
125133,0.001413362449966371,0.00439823605120182,3
125134,0.001413362449966371,0.005333609879016876,3
125135,0.001413362449966371,0.009200770407915115,3
125136,0.001413362449966371,0.01006893627345562,3
125137,0.001413362449966371,0.006448926869779825,3
125138,0.001413362449966371,0.00949506089091301,3
125139,0.001413362449966371,0.009078002534806728,3
125140,0.001413362449966371,0.007312137167900801,3
125141,0.001413362449966371,0.006264631636440754,3
125142,0.001413362449966371,0.008696548640727997,3
125143,0.001413362449966371,0.00803997740149498,3
125144,0.001413362449966371,0.004915308672934771,3
125145,0.001413362449966371,0.004012605175375938,3
125146,0.001413362449966371,0.002850146731361747,3
125147,0.001413362449966371,0.0027332508470863104,3
125148,0.001413362449966371,0.0037068345118314028,3
125149,0.001413362449966371,0.004567287862300873,3
125150,0.001413362449966371,0.004182039760053158,3
125151,0.001413362449966371,0.00317059806548059,3
125152,0.001413362449966371,0.0026914773043245077,3
125153,0.001413362449966371,0.0021283775568008423,3
125154,0.001413362449966371,0.00259379087947309,3
125155,0.001413362449966371,0.0035774202551692724,3
125156,0.001413362449966371,0.0038441731594502926,3
125157,0.001413362449966371,0.003170731943100691,3
125158,0.001413362449966371,0.002443813718855381,3
125159,0.001413362449966371,0.0018113291589543223,3
125160,0.001413362449966371,0.0015822586137801409,3
125161,0.001413362449966371,0.0014838274801149964,3
125162,0.001413362449966371,0.0014045150019228458,3
125163,0.001413362449966371,0.0017356278840452433,3
125164,0.001413362449966371,0.0020594685338437557,3
125165,0.001413362449966371,0.0021681291982531548,3
125166,0.001413362449966371,0.002056009601801634,3
125167,0.001413362449966371,0.002159278839826584,3
125168,0.001413362449966371,0.002532102633267641,3
125169,0.001413362449966371,0.0020341596100479364,3
125170,0.001413362449966371,0.0017976256785914302,3
125171,0.001413362449966371,0.0012735114432871342,3
125172,0.001413362449966371,0.0017448707949370146,3
125173,0.001413362449966371,0.0020624292083084583,3
125174,0.001413362449966371,0.002210667822510004,3
125175,0.001413362449966371,0.001846234081313014,3
125176,0.001413362449966371,0.0017138675320893526,3
125177,0.001413362449966371,0.0010916695464402437,3
125178,0.001413362449966371,0.0012045711046084762,3
125179,0.001413362449966371,0.0012069629738107324,3
125180,0.001413362449966371,0.0010922026121988893,3
125181,0.001413362449966371,0.0013602972030639648,3
125182,0.001413362449966371,0.001664974493905902,3
125183,0.001413362449966371,0.0016621912363916636,3
125184,0.001413362449966371,0.001883703633211553,3
125185,0.001413362449966371,0.002267298521474004,3
125186,0.001413362449966371,0.0027438609395176172,3
125187,0.001413362449966371,0.003463493660092354,3
125188,0.001413362449966371,0.0025896443985402584,3
125189,0.001413362449966371,0.0012482553720474243,3
125190,0.001413362449966371,0.0019658119417726994,3
125191,0.001413362449966371,0.0032365217339247465,3
125192,0.001413362449966371,0.00309401610866189,3
125193,0.001413362449966371,0.0024370679166167974,3
125194,0.001413362449966371,0.0021937380079180002,3
125195,0.001413362449966371,0.001964278519153595,3
125196,0.001413362449966371,0.0013111698208376765,3
125197,0.001413362449966371,0.0009644661331549287,3
125198,0.001413362449966371,0.0016399120213463902,3
125199,0.001413362449966371,0.0013919135089963675,3
125200,0.001413362449966371,0.004225223325192928,3
125201,0.001413362449966371,0.00737123703584075,3
125202,0.001413362449966371,0.009195602498948574,3
125203,0.001413362449966371,0.02480044774711132,3
125204,0.001413362449966371,0.007875770330429077,3
125205,0.001413362449966371,0.010368921793997288,3
125206,0.001413362449966371,0.006975172553211451,3
125207,0.001413362449966371,0.0032650025095790625,3
125208,0.001413362449966371,0.005040451418608427,3
125209,0.001413362449966371,0.00606289179995656,3
125210,0.001413362449966371,0.006821856368333101,3
125211,0.001413362449966371,0.005777949932962656,3
125212,0.001413362449966371,0.0038798372261226177,3
125213,0.001413362449966371,0.002168805804103613,3
125214,0.001413362449966371,0.002852870151400566,3
125215,0.001413362449966371,0.0020947244483977556,3
125216,0.001413362449966371,0.002969876630231738,3
125217,0.001413362449966371,0.0025789435021579266,3
125218,0.001413362449966371,0.0016299699200317264,3
125219,0.001413362449966371,0.0023731824476271868,3
125220,0.001413362449966371,0.0031987312249839306,3
125221,0.001413362449966371,0.003230908652767539,3
125222,0.001413362449966371,0.003149316878989339,3
125223,0.001413362449966371,0.003402977716177702,3
125224,0.001413362449966371,0.004510445054620504,3
125225,0.001413362449966371,0.0036753853783011436,3
125226,0.001413362449966371,0.003348897211253643,3
125227,0.001413362449966371,0.004475252237170935,3
125228,0.001413362449966371,0.0040856110863387585,3
125229,0.001413362449966371,0.0033040535636246204,3
125230,0.001413362449966371,0.0029237798880785704,3
125231,0.001413362449966371,0.002925924491137266,3
125232,0.001413362449966371,0.003220678772777319,3
125233,0.001413362449966371,0.0031484283972531557,3
125234,0.001413362449966371,0.0028317172545939684,3
125235,0.001413362449966371,0.002688162261620164,3
125236,0.001413362449966371,0.0024206265807151794,3
125237,0.001413362449966371,0.003506189677864313,3
125238,0.001413362449966371,0.005709598772227764,3
125239,0.001413362449966371,0.007833214476704597,3
125240,0.001413362449966371,0.00893307477235794,3
125241,0.001413362449966371,0.0073607489466667175,3
125242,0.001413362449966371,0.005659268703311682,3
125243,0.001413362449966371,0.006010410375893116,3
125244,0.001413362449966371,0.0031237422954291105,3
125245,0.001413362449966371,0.001761216321028769,3
125246,0.001413362449966371,0.002778422785922885,3
125247,0.001413362449966371,0.004244010895490646,3
125248,0.001413362449966371,0.0022126734256744385,3
125249,0.001413362449966371,0.0026145505253225565,3
125250,0.001413362449966371,0.0020220980513840914,3
125251,0.001413362449966371,0.002120886230841279,3
125252,0.001413362449966371,0.002407107036560774,3
125253,0.001413362449966371,0.002341049024835229,3
125254,0.001413362449966371,0.0021236909087747335,3
125255,0.001413362449966371,0.0022821403108537197,3
125256,0.001413362449966371,0.0021321563981473446,3
125257,0.001413362449966371,0.0022606682032346725,3
125258,0.001413362449966371,0.002091563306748867,3
125259,0.001413362449966371,0.002346900524571538,3
125260,0.001413362449966371,0.0026055749040097,3
125261,0.001413362449966371,0.002859788481146097,3
125262,0.001413362449966371,0.0023148925974965096,3
125263,0.001413362449966371,0.0021442463621497154,3
125264,0.001413362449966371,0.004230311140418053,3
125265,0.001413362449966371,0.004371265880763531,3
125266,0.001413362449966371,0.0049316114746034145,3
125267,0.001413362449966371,0.004504660610109568,3
125268,0.001413362449966371,0.00401698611676693,3
125269,0.001413362449966371,0.003443244146183133,3
125270,0.001413362449966371,0.0038788302335888147,3
125271,0.001413362449966371,0.0021353005431592464,3
125272,0.001413362449966371,0.0031058075837790966,3
125273,0.001413362449966371,0.0023792742285877466,3
125274,0.001413362449966371,0.002033838303759694,3
125275,0.001413362449966371,0.0016196075594052672,3
125276,0.001413362449966371,0.0017983465222641826,3
125277,0.001413362449966371,0.0019015652360394597,3
125278,0.001413362449966371,0.0017070785397663713,3
125279,0.001413362449966371,0.006233931053429842,3
125280,0.001413362449966371,0.016239162534475327,3
125281,0.001413362449966371,0.006161057390272617,3
125282,0.001413362449966371,0.006187151186168194,3
125283,0.001413362449966371,0.016575582325458527,3
125284,0.001413362449966371,0.0036292921286076307,3
125285,0.001413362449966371,0.0030926947947591543,3
125286,0.001413362449966371,0.008737262338399887,3
125287,0.001413362449966371,0.011166099458932877,3
125288,0.001413362449966371,0.0020974541548639536,3
125289,0.001413362449966371,0.002101810881868005,3
125290,0.001413362449966371,0.002913312055170536,3
125291,0.001413362449966371,0.002304289024323225,3
125292,0.001413362449966371,0.002405446022748947,3
125293,0.001413362449966371,0.0033494557719677687,3
125294,0.001413362449966371,0.0034203899558633566,3
125295,0.001413362449966371,0.0022990270517766476,3
125296,0.001413362449966371,0.0030711060389876366,3
125297,0.001413362449966371,0.004852918442338705,3
125298,0.001413362449966371,0.0032913945615291595,3
125299,0.001413362449966371,0.002696587471291423,3
125300,0.001413362449966371,0.0020792721770703793,3
125301,0.001413362449966371,0.0015792527701705694,3
125302,0.001413362449966371,0.0015772385522723198,3
125303,0.001413362449966371,0.0020247078500688076,3
125304,0.001413362449966371,0.0027489725034683943,3
125305,0.001413362449966371,0.002386036328971386,3
125306,0.001413362449966371,0.0020400979556143284,3
125307,0.001413362449966371,0.0016630981117486954,3
125308,0.001413362449966371,0.0015062426682561636,3
125309,0.001413362449966371,0.0016050802078098059,3
125310,0.001413362449966371,0.0018703793175518513,3
125311,0.001413362449966371,0.00219783466309309,3
125312,0.001413362449966371,0.0027400371618568897,3
125313,0.001413362449966371,0.0027608596719801426,3
125314,0.001413362449966371,0.005703494418412447,3
125315,0.001413362449966371,0.009519991464912891,3
125316,0.001413362449966371,0.025369349867105484,3
125317,0.001413362449966371,0.002600924577564001,3
125318,0.001413362449966371,0.0015645136591047049,3
125319,0.001413362449966371,0.0018850730266422033,3
125320,0.001413362449966371,0.0018879113486036658,3
125321,0.001413362449966371,0.0018668156117200851,3
125322,0.001413362449966371,0.0015098312869668007,3
125323,0.001413362449966371,0.002192388055846095,3
125324,0.001413362449966371,0.0029227016493678093,3
125325,0.001413362449966371,0.0024950893130153418,3
125326,0.001413362449966371,0.00210574665106833,3
125327,0.001413362449966371,0.0017388230189681053,3
125328,0.001413362449966371,0.0023338287137448788,3
125329,0.001413362449966371,0.002081328071653843,3
125330,0.001413362449966371,0.0038261422887444496,3
125331,0.001413362449966371,0.007904560305178165,3
125332,0.001413362449966371,0.012164922431111336,3
125333,0.001413362449966371,0.0073406589217484,3
125334,0.001413362449966371,0.009102385491132736,3
125335,0.001413362449966371,0.00682988902553916,3
125336,0.001413362449966371,0.005141416564583778,3
125337,0.001413362449966371,0.004583379719406366,3
125338,0.001413362449966371,0.005670302081853151,3
125339,0.001413362449966371,0.007070394232869148,3
125340,0.001413362449966371,0.005699514877051115,3
125341,0.001413362449966371,0.0030073560774326324,3
125342,0.001413362449966371,0.001992692006751895,3
125343,0.001413362449966371,0.0016792529495432973,3
125344,0.001413362449966371,0.002435884904116392,3
125345,0.001413362449966371,0.001959690125659108,3
125346,0.001413362449966371,0.0021922229789197445,3
125347,0.001413362449966371,0.0021358844824135303,3
125348,0.001413362449966371,0.0020810947753489017,3
125349,0.001413362449966371,0.003143156412988901,3
125350,0.001413362449966371,0.001834890921600163,3
125351,0.001413362449966371,0.014413295313715935,3
125352,0.001413362449966371,0.006851851940155029,3
125353,0.001413362449966371,0.0011295285075902939,3
125354,0.001413362449966371,0.0025845421478152275,3
125355,0.001413362449966371,0.003488166257739067,3
125356,0.001413362449966371,0.004294756334275007,3
125357,0.001413362449966371,0.004062317311763763,3
125358,0.001413362449966371,0.003534725634381175,3
125359,0.001413362449966371,0.0015277479542419314,3
125360,0.001413362449966371,0.006803574506193399,3
125361,0.001413362449966371,0.0030517717823386192,3
125362,0.001413362449966371,0.0011656794231384993,3
125363,0.001413362449966371,0.0038950666785240173,3
125364,0.001413362449966371,0.0022099604830145836,3
125365,0.001413362449966371,0.00198562815785408,3
125366,0.001413362449966371,0.0031798642594367266,3
125367,0.001413362449966371,0.0028993296436965466,3
125368,0.001413362449966371,0.0028481564950197935,3
125369,0.001413362449966371,0.005671734921634197,3
125370,0.001413362449966371,0.006815740838646889,3
125371,0.001413362449966371,0.00799714494496584,3
125372,0.001413362449966371,0.009558163583278656,3
125373,0.001413362449966371,0.011075514368712902,3
125374,0.001413362449966371,0.0064564417116343975,3
125375,0.001413362449966371,0.009472085162997246,3
125376,0.001413362449966371,0.006537693087011576,3
125377,0.001413362449966371,0.009515959769487381,3
125378,0.001413362449966371,0.007793937344104052,3
125379,0.001413362449966371,0.02605069801211357,3
125380,0.001413362449966371,0.005857004318386316,3
125381,0.001413362449966371,0.022078922018408775,3
125382,0.001413362449966371,0.01123503502458334,3
125383,0.001413362449966371,0.007186122238636017,3
125384,0.001413362449966371,0.009315215982496738,3
125385,0.001413362449966371,0.008547930046916008,3
125386,0.001413362449966371,0.01293972134590149,3
125387,0.001413362449966371,0.006392524112015963,3
125388,0.001413362449966371,0.00657300790771842,3
125389,0.001413362449966371,0.00940592959523201,3
125390,0.001413362449966371,0.011609790846705437,3
125391,0.001413362449966371,0.005097799468785524,3
125392,0.001413362449966371,0.004460211377590895,3
125393,0.001413362449966371,0.004323943518102169,3
125394,0.001413362449966371,0.004558985587209463,3
125395,0.001413362449966371,0.003585853846743703,3
125396,0.001413362449966371,0.0034449887461960316,3
125397,0.001413362449966371,0.002564549446105957,3
125398,0.001413362449966371,0.0032210364006459713,3
125399,0.001413362449966371,0.0035489448346197605,3
125400,0.001413362449966371,0.0030810097232460976,3
125401,0.001413362449966371,0.002817560685798526,3
125402,0.001413362449966371,0.0023437130730599165,3
125403,0.001413362449966371,0.0020864373072981834,3
125404,0.001413362449966371,0.0017007940914481878,3
125405,0.001413362449966371,0.0014181147562339902,3
125406,0.001413362449966371,0.0015036988770589232,3
125407,0.001413362449966371,0.001896501868031919,3
125408,0.001413362449966371,0.002390695968642831,3
125409,0.001413362449966371,0.002875227015465498,3
125410,0.001413362449966371,0.003669961355626583,3
125411,0.001413362449966371,0.0038771808613091707,3
125412,0.001413362449966371,0.0033445185981690884,3
125413,0.001413362449966371,0.0022288707550615072,3
125414,0.001413362449966371,0.0012832757784053683,3
125415,0.001413362449966371,0.0008336877799592912,3
125416,0.001413362449966371,0.0008489121682941914,3
125417,0.001413362449966371,0.0013331867521628737,3
125418,0.001413362449966371,0.0016928518889471889,3
125419,0.001413362449966371,0.002194416942074895,3
125420,0.001413362449966371,0.002253382932394743,3
125421,0.001413362449966371,0.0018898526905104518,3
125422,0.001413362449966371,0.001983853057026863,3
125423,0.001413362449966371,0.034345582127571106,3
125424,0.001413362449966371,0.004230851773172617,3
125425,0.001413362449966371,0.020459631457924843,3
125426,0.001413362449966371,0.0020530731417238712,3
125427,0.001413362449966371,0.010024836286902428,3
125428,0.001413362449966371,0.0026891077868640423,3
125429,0.001413362449966371,0.01715994067490101,3
125430,0.001413362449966371,0.003966495860368013,3
125431,0.001413362449966371,0.014200498349964619,3
125432,0.001413362449966371,0.006718382239341736,3
125433,0.001413362449966371,0.007154684513807297,3
125434,0.001413362449966371,0.009619812481105328,3
125435,0.001413362449966371,0.006960206665098667,3
125436,0.001413362449966371,0.006282465066760778,3
125437,0.001413362449966371,0.008204691112041473,3
125438,0.001413362449966371,0.007846188731491566,3
125439,0.001413362449966371,0.005725874099880457,3
125440,0.001413362449966371,0.004804790485650301,3
125441,0.001413362449966371,0.003456877078860998,3
125442,0.001413362449966371,0.0037038824521005154,3
125443,0.001413362449966371,0.0030874914955347776,3
125444,0.001413362449966371,0.0025308348704129457,3
125445,0.001413362449966371,0.005892476532608271,3
125446,0.001413362449966371,0.008319113403558731,3
125447,0.001413362449966371,0.009371102787554264,3
125448,0.001413362449966371,0.004679128061980009,3
125449,0.001413362449966371,0.0038869583513587713,3
125450,0.001413362449966371,0.004468259867280722,3
125451,0.001413362449966371,0.00497940368950367,3
125452,0.001413362449966371,0.00482183787971735,3
125453,0.001413362449966371,0.00469888374209404,3
125454,0.001413362449966371,0.003775486722588539,3
125455,0.001413362449966371,0.003951878286898136,3
125456,0.001413362449966371,0.006866199430078268,3
125457,0.001413362449966371,0.006680157035589218,3
125458,0.001413362449966371,0.012256825342774391,3
125459,0.001413362449966371,0.0029762396588921547,3
125460,0.001413362449966371,0.0016149546718224883,3
125461,0.001413362449966371,0.007502385880798101,3
125462,0.001413362449966371,0.0037889990489929914,3
125463,0.001413362449966371,0.004031617194414139,3
125464,0.001413362449966371,0.00475084176287055,3
125465,0.001413362449966371,0.003750968025997281,3
125466,0.001413362449966371,0.004657582379877567,3
125467,0.001413362449966371,0.001983493333682418,3
125468,0.001413362449966371,0.0019198748050257564,3
125469,0.001413362449966371,0.0011503536952659488,3
125470,0.001413362449966371,0.0021317494101822376,3
125471,0.001413362449966371,0.0026190923526883125,3
125472,0.001413362449966371,0.0018489514477550983,3
125473,0.001413362449966371,0.0021448421757668257,3
125474,0.001413362449966371,0.0015314361080527306,3
125475,0.001413362449966371,0.0026914782356470823,3
125476,0.001413362449966371,0.004579760599881411,3
125477,0.001413362449966371,0.00514616584405303,3
125478,0.001413362449966371,0.0037282221019268036,3
125479,0.001413362449966371,0.005718189757317305,3
125480,0.001413362449966371,0.005925105419009924,3
125481,0.001413362449966371,0.010428808629512787,3
125482,0.001413362449966371,0.0037362605798989534,3
125483,0.001413362449966371,0.007712400984019041,3
125484,0.001413362449966371,0.007375591434538364,3
125485,0.001413362449966371,0.020087197422981262,3
125486,0.001413362449966371,0.004804430995136499,3
125487,0.001413362449966371,0.00444789556786418,3
125488,0.001413362449966371,0.005576569586992264,3
125489,0.001413362449966371,0.0031256875954568386,3
125490,0.001413362449966371,0.002864518202841282,3
125491,0.001413362449966371,0.0029289124067872763,3
125492,0.001413362449966371,0.0023875818587839603,3
125493,0.001413362449966371,0.0027041593566536903,3
125494,0.001413362449966371,0.0034675798378884792,3
125495,0.001413362449966371,0.003724359907209873,3
125496,0.001413362449966371,0.003389236982911825,3
125497,0.001413362449966371,0.0036237568128854036,3
125498,0.001413362449966371,0.003349939128383994,3
125499,0.001413362449966371,0.003225533291697502,3
125500,0.001413362449966371,0.0029981397092342377,3
125501,0.001413362449966371,0.0027311185840517282,3
125502,0.001413362449966371,0.0029104382265359163,3
125503,0.001413362449966371,0.0038579662796109915,3
125504,0.001413362449966371,0.0047249626368284225,3
125505,0.001413362449966371,0.008344671688973904,3
125506,0.001413362449966371,0.0042833988554775715,3
125507,0.001413362449966371,0.003931873477995396,3
125508,0.001413362449966371,0.010055330581963062,3
125509,0.001413362449966371,0.008555150590837002,3
125510,0.001413362449966371,0.006551926489919424,3
125511,0.001413362449966371,0.014981433749198914,3
125512,0.001413362449966371,0.0050422330386936665,3
125513,0.001413362449966371,0.003234109841287136,3
125514,0.001413362449966371,0.003471038769930601,3
125515,0.001413362449966371,0.003655260894447565,3
125516,0.001413362449966371,0.0037575308233499527,3
125517,0.001413362449966371,0.0038734013214707375,3
125518,0.001413362449966371,0.004087930545210838,3
125519,0.001413362449966371,0.00466909958049655,3
125520,0.001413362449966371,0.003017198294401169,3
125521,0.001413362449966371,0.00311268656514585,3
125522,0.001413362449966371,0.0032006842084228992,3
125523,0.001413362449966371,0.0029796366579830647,3
125524,0.001413362449966371,0.0030884984880685806,3
125525,0.001413362449966371,0.003129851073026657,3
125526,0.001413362449966371,0.002875695237889886,3
125527,0.001413362449966371,0.0029248513747006655,3
125528,0.001413362449966371,0.0032140417024493217,3
125529,0.001413362449966371,0.001927901292219758,3
125530,0.001413362449966371,0.002150701591745019,3
125531,0.001413362449966371,0.0030079029966145754,3
125532,0.001413362449966371,0.00227520614862442,3
125533,0.001413362449966371,0.004590275231748819,3
125534,0.001413362449966371,0.01030224934220314,3
125535,0.001413362449966371,0.0023398366756737232,3
125536,0.001413362449966371,0.001878138747997582,3
125537,0.001413362449966371,0.0032259407453238964,3
125538,0.001413362449966371,0.0035664536990225315,3
125539,0.001413362449966371,0.003187865950167179,3
125540,0.001413362449966371,0.004477711860090494,3
125541,0.001413362449966371,0.010321516543626785,3
125542,0.001413362449966371,0.0029717732686549425,3
125543,0.001413362449966371,0.003268331289291382,3
125544,0.001413362449966371,0.010647669434547424,3
125545,0.001413362449966371,0.005594514776021242,3
125546,0.001413362449966371,0.0057648117654025555,3
125547,0.001413362449966371,0.00832327175885439,3
125548,0.001413362449966371,0.009608344174921513,3
125549,0.001413362449966371,0.01122911274433136,3
125550,0.001413362449966371,0.006589734926819801,3
125551,0.001413362449966371,0.004659175407141447,3
125552,0.001413362449966371,0.004469659645110369,3
125553,0.001413362449966371,0.006910346914082766,3
125554,0.001413362449966371,0.005317030008882284,3
125555,0.001413362449966371,0.004705028608441353,3
125556,0.001413362449966371,0.00439823605120182,3
125557,0.001413362449966371,0.005333609879016876,3
125558,0.001413362449966371,0.009200770407915115,3
125559,0.001413362449966371,0.01006893627345562,3
125560,0.001413362449966371,0.006448926869779825,3
125561,0.001413362449966371,0.00949506089091301,3
125562,0.001413362449966371,0.009078002534806728,3
125563,0.001413362449966371,0.007312137167900801,3
125564,0.001413362449966371,0.006264631636440754,3
125565,0.001413362449966371,0.008696548640727997,3
125566,0.001413362449966371,0.00803997740149498,3
125567,0.001413362449966371,0.004915308672934771,3
125568,0.001413362449966371,0.004012605175375938,3
125569,0.001413362449966371,0.002850146731361747,3
125570,0.001413362449966371,0.0027332508470863104,3
125571,0.001413362449966371,0.0037068345118314028,3
125572,0.001413362449966371,0.004567287862300873,3
125573,0.001413362449966371,0.004182039760053158,3
125574,0.001413362449966371,0.00317059806548059,3
125575,0.001413362449966371,0.0026914773043245077,3
125576,0.001413362449966371,0.0021283775568008423,3
125577,0.001413362449966371,0.00259379087947309,3
125578,0.001413362449966371,0.0035774202551692724,3
125579,0.001413362449966371,0.0038441731594502926,3
125580,0.001413362449966371,0.003170731943100691,3
125581,0.001413362449966371,0.002443813718855381,3
125582,0.001413362449966371,0.0018113291589543223,3
125583,0.001413362449966371,0.0015822586137801409,3
125584,0.001413362449966371,0.0014838274801149964,3
125585,0.001413362449966371,0.0014045150019228458,3
125586,0.001413362449966371,0.0017356278840452433,3
125587,0.001413362449966371,0.0020594685338437557,3
125588,0.001413362449966371,0.0021681291982531548,3
125589,0.001413362449966371,0.002056009601801634,3
125590,0.001413362449966371,0.002159278839826584,3
125591,0.001413362449966371,0.002532102633267641,3
125592,0.001413362449966371,0.0020341596100479364,3
125593,0.001413362449966371,0.0017976256785914302,3
125594,0.001413362449966371,0.0012735114432871342,3
125595,0.001413362449966371,0.0017448707949370146,3
125596,0.001413362449966371,0.0020624292083084583,3
125597,0.001413362449966371,0.002210667822510004,3
125598,0.001413362449966371,0.001846234081313014,3
125599,0.001413362449966371,0.0017138675320893526,3
125600,0.001413362449966371,0.0010916695464402437,3
125601,0.001413362449966371,0.0012045711046084762,3
125602,0.001413362449966371,0.0012069629738107324,3
125603,0.001413362449966371,0.0010922026121988893,3
125604,0.001413362449966371,0.0013602972030639648,3
125605,0.001413362449966371,0.001664974493905902,3
125606,0.001413362449966371,0.0016621912363916636,3
125607,0.001413362449966371,0.001883703633211553,3
125608,0.001413362449966371,0.002267298521474004,3
125609,0.001413362449966371,0.0027438609395176172,3
125610,0.001413362449966371,0.003463493660092354,3
125611,0.001413362449966371,0.0025896443985402584,3
125612,0.001413362449966371,0.0012482553720474243,3
125613,0.001413362449966371,0.0019658119417726994,3
125614,0.001413362449966371,0.0032365217339247465,3
125615,0.001413362449966371,0.00309401610866189,3
125616,0.001413362449966371,0.0024370679166167974,3
125617,0.001413362449966371,0.0021937380079180002,3
125618,0.001413362449966371,0.001964278519153595,3
125619,0.001413362449966371,0.0013111698208376765,3
125620,0.001413362449966371,0.0009644661331549287,3
125621,0.001413362449966371,0.0016399120213463902,3
125622,0.001413362449966371,0.0013919135089963675,3
125623,0.001413362449966371,0.004225223325192928,3
125624,0.001413362449966371,0.00737123703584075,3
125625,0.001413362449966371,0.009195602498948574,3
125626,0.001413362449966371,0.02480044774711132,3
125627,0.001413362449966371,0.007875770330429077,3
125628,0.001413362449966371,0.010368921793997288,3
125629,0.001413362449966371,0.006975172553211451,3
125630,0.001413362449966371,0.0032650025095790625,3
125631,0.001413362449966371,0.005040451418608427,3
125632,0.001413362449966371,0.00606289179995656,3
125633,0.001413362449966371,0.006821856368333101,3
125634,0.001413362449966371,0.005777949932962656,3
125635,0.001413362449966371,0.0038798372261226177,3
125636,0.001413362449966371,0.002168805804103613,3
125637,0.001413362449966371,0.002852870151400566,3
125638,0.001413362449966371,0.0020947244483977556,3
125639,0.001413362449966371,0.002969876630231738,3
125640,0.001413362449966371,0.0025789435021579266,3
125641,0.001413362449966371,0.0016299699200317264,3
125642,0.001413362449966371,0.0023731824476271868,3
125643,0.001413362449966371,0.0031987312249839306,3
125644,0.001413362449966371,0.003230908652767539,3
125645,0.001413362449966371,0.003149316878989339,3
125646,0.001413362449966371,0.003402977716177702,3
125647,0.001413362449966371,0.004510445054620504,3
125648,0.001413362449966371,0.0036753853783011436,3
125649,0.001413362449966371,0.003348897211253643,3
125650,0.001413362449966371,0.004475252237170935,3
125651,0.001413362449966371,0.0040856110863387585,3
125652,0.001413362449966371,0.0033040535636246204,3
125653,0.001413362449966371,0.0029237798880785704,3
125654,0.001413362449966371,0.002925924491137266,3
125655,0.001413362449966371,0.003220678772777319,3
125656,0.001413362449966371,0.0031484283972531557,3
125657,0.001413362449966371,0.0028317172545939684,3
125658,0.001413362449966371,0.002688162261620164,3
125659,0.001413362449966371,0.0024206265807151794,3
125660,0.001413362449966371,0.003506189677864313,3
125661,0.001413362449966371,0.005709598772227764,3
125662,0.001413362449966371,0.007833214476704597,3
125663,0.001413362449966371,0.00893307477235794,3
125664,0.001413362449966371,0.0073607489466667175,3
125665,0.001413362449966371,0.005659268703311682,3
125666,0.001413362449966371,0.006010410375893116,3
125667,0.001413362449966371,0.0031237422954291105,3
125668,0.001413362449966371,0.001761216321028769,3
125669,0.001413362449966371,0.002778422785922885,3
125670,0.001413362449966371,0.004244010895490646,3
125671,0.001413362449966371,0.0022126734256744385,3
125672,0.001413362449966371,0.0026145505253225565,3
125673,0.001413362449966371,0.0020220980513840914,3
125674,0.001413362449966371,0.002120886230841279,3
125675,0.001413362449966371,0.002407107036560774,3
125676,0.001413362449966371,0.002341049024835229,3
125677,0.001413362449966371,0.0021236909087747335,3
125678,0.001413362449966371,0.0022821403108537197,3
125679,0.001413362449966371,0.0021321563981473446,3
125680,0.001413362449966371,0.0022606682032346725,3
125681,0.001413362449966371,0.002091563306748867,3
125682,0.001413362449966371,0.002346900524571538,3
125683,0.001413362449966371,0.0026055749040097,3
125684,0.001413362449966371,0.002859788481146097,3
125685,0.001413362449966371,0.0023148925974965096,3
125686,0.001413362449966371,0.0021442463621497154,3
125687,0.001413362449966371,0.004230311140418053,3
125688,0.001413362449966371,0.004371265880763531,3
125689,0.001413362449966371,0.0049316114746034145,3
125690,0.001413362449966371,0.004504660610109568,3
125691,0.001413362449966371,0.00401698611676693,3
125692,0.001413362449966371,0.003443244146183133,3
125693,0.001413362449966371,0.0038788302335888147,3
125694,0.001413362449966371,0.0021353005431592464,3
125695,0.001413362449966371,0.0031058075837790966,3
125696,0.001413362449966371,0.0023792742285877466,3
125697,0.001413362449966371,0.002033838303759694,3
125698,0.001413362449966371,0.0016196075594052672,3
125699,0.001413362449966371,0.0017983465222641826,3
125700,0.001413362449966371,0.0019015652360394597,3
125701,0.001413362449966371,0.0017070785397663713,3
125702,0.001413362449966371,0.006233931053429842,3
125703,0.001413362449966371,0.016239162534475327,3
125704,0.001413362449966371,0.006161057390272617,3
125705,0.001413362449966371,0.006187151186168194,3
125706,0.001413362449966371,0.016575582325458527,3
125707,0.001413362449966371,0.0036292921286076307,3
125708,0.001413362449966371,0.0030926947947591543,3
125709,0.001413362449966371,0.008737262338399887,3
125710,0.001413362449966371,0.011166099458932877,3
125711,0.001413362449966371,0.0020974541548639536,3
125712,0.001413362449966371,0.002101810881868005,3
125713,0.001413362449966371,0.002913312055170536,3
125714,0.001413362449966371,0.002304289024323225,3
125715,0.001413362449966371,0.002405446022748947,3
125716,0.001413362449966371,0.0033494557719677687,3
125717,0.001413362449966371,0.0034203899558633566,3
125718,0.001413362449966371,0.0022990270517766476,3
125719,0.001413362449966371,0.0030711060389876366,3
125720,0.001413362449966371,0.004852918442338705,3
125721,0.001413362449966371,0.0032913945615291595,3
125722,0.001413362449966371,0.002696587471291423,3
125723,0.001413362449966371,0.0020792721770703793,3
125724,0.001413362449966371,0.0015792527701705694,3
125725,0.001413362449966371,0.0015772385522723198,3
125726,0.001413362449966371,0.0020247078500688076,3
125727,0.001413362449966371,0.0027489725034683943,3
125728,0.001413362449966371,0.002386036328971386,3
125729,0.001413362449966371,0.0020400979556143284,3
125730,0.001413362449966371,0.0016630981117486954,3
125731,0.001413362449966371,0.0015062426682561636,3
125732,0.001413362449966371,0.0016050802078098059,3
125733,0.001413362449966371,0.0018703793175518513,3
125734,0.001413362449966371,0.00219783466309309,3
125735,0.001413362449966371,0.0027400371618568897,3
125736,0.001413362449966371,0.0027608596719801426,3
125737,0.001413362449966371,0.005703494418412447,3
125738,0.001413362449966371,0.009519991464912891,3
125739,0.001413362449966371,0.025369349867105484,3
125740,0.001413362449966371,0.002600924577564001,3
125741,0.001413362449966371,0.0015645136591047049,3
125742,0.001413362449966371,0.0018850730266422033,3
125743,0.001413362449966371,0.0018879113486036658,3
125744,0.001413362449966371,0.0018668156117200851,3
125745,0.001413362449966371,0.0015098312869668007,3
125746,0.001413362449966371,0.002192388055846095,3
125747,0.001413362449966371,0.0029227016493678093,3
125748,0.001413362449966371,0.0024950893130153418,3
125749,0.001413362449966371,0.00210574665106833,3
125750,0.001413362449966371,0.0017388230189681053,3
125751,0.001413362449966371,0.0023338287137448788,3
125752,0.001413362449966371,0.002081328071653843,3
125753,0.001413362449966371,0.0038261422887444496,3
125754,0.001413362449966371,0.007904560305178165,3
125755,0.001413362449966371,0.012164922431111336,3
125756,0.001413362449966371,0.0073406589217484,3
125757,0.001413362449966371,0.009102385491132736,3
125758,0.001413362449966371,0.00682988902553916,3
125759,0.001413362449966371,0.005141416564583778,3
125760,0.001413362449966371,0.004583379719406366,3
125761,0.001413362449966371,0.005670302081853151,3
125762,0.001413362449966371,0.007070394232869148,3
125763,0.001413362449966371,0.005699514877051115,3
125764,0.001413362449966371,0.0030073560774326324,3
125765,0.001413362449966371,0.001992692006751895,3
125766,0.001413362449966371,0.0016792529495432973,3
125767,0.001413362449966371,0.002435884904116392,3
125768,0.001413362449966371,0.001959690125659108,3
125769,0.001413362449966371,0.0021922229789197445,3
125770,0.001413362449966371,0.0021358844824135303,3
125771,0.001413362449966371,0.0020810947753489017,3
125772,0.001413362449966371,0.003143156412988901,3
125773,0.001413362449966371,0.001834890921600163,3
125774,0.001413362449966371,0.014413295313715935,3
125775,0.001413362449966371,0.006851851940155029,3
125776,0.001413362449966371,0.0011295285075902939,3
125777,0.001413362449966371,0.0025845421478152275,3
125778,0.001413362449966371,0.003488166257739067,3
125779,0.001413362449966371,0.004294756334275007,3
125780,0.001413362449966371,0.004062317311763763,3
125781,0.001413362449966371,0.003534725634381175,3
125782,0.001413362449966371,0.0015277479542419314,3
125783,0.001413362449966371,0.006803574506193399,3
125784,0.001413362449966371,0.0030517717823386192,3
125785,0.001413362449966371,0.0011656794231384993,3
125786,0.001413362449966371,0.0038950666785240173,3
125787,0.001413362449966371,0.0022099604830145836,3
125788,0.001413362449966371,0.00198562815785408,3
125789,0.001413362449966371,0.0031798642594367266,3
125790,0.001413362449966371,0.0028993296436965466,3
125791,0.001413362449966371,0.0028481564950197935,3
125792,0.001413362449966371,0.005671734921634197,3
125793,0.001413362449966371,0.006815740838646889,3
125794,0.001413362449966371,0.00799714494496584,3
125795,0.001413362449966371,0.009558163583278656,3
125796,0.001413362449966371,0.011075514368712902,3
125797,0.001413362449966371,0.0064564417116343975,3
125798,0.001413362449966371,0.009472085162997246,3
125799,0.001413362449966371,0.006537693087011576,3
125800,0.001413362449966371,0.009515959769487381,3
125801,0.001413362449966371,0.007793937344104052,3
125802,0.001413362449966371,0.02605069801211357,3
125803,0.001413362449966371,0.005857004318386316,3
125804,0.001413362449966371,0.022078922018408775,3
125805,0.001413362449966371,0.01123503502458334,3
125806,0.001413362449966371,0.007186122238636017,3
125807,0.001413362449966371,0.009315215982496738,3
125808,0.001413362449966371,0.008547930046916008,3
125809,0.001413362449966371,0.01293972134590149,3
125810,0.001413362449966371,0.006392524112015963,3
125811,0.001413362449966371,0.00657300790771842,3
125812,0.001413362449966371,0.00940592959523201,3
125813,0.001413362449966371,0.011609790846705437,3
125814,0.001413362449966371,0.005097799468785524,3
125815,0.001413362449966371,0.004460211377590895,3
125816,0.001413362449966371,0.004323943518102169,3
125817,0.001413362449966371,0.004558985587209463,3
125818,0.001413362449966371,0.003585853846743703,3
125819,0.001413362449966371,0.0034449887461960316,3
125820,0.001413362449966371,0.002564549446105957,3
125821,0.001413362449966371,0.0032210364006459713,3
125822,0.001413362449966371,0.0035489448346197605,3
125823,0.001413362449966371,0.0030810097232460976,3
125824,0.001413362449966371,0.002817560685798526,3
125825,0.001413362449966371,0.0023437130730599165,3
125826,0.001413362449966371,0.0020864373072981834,3
125827,0.001413362449966371,0.0017007940914481878,3
125828,0.001413362449966371,0.0014181147562339902,3
125829,0.001413362449966371,0.0015036988770589232,3
125830,0.001413362449966371,0.001896501868031919,3
125831,0.001413362449966371,0.002390695968642831,3
125832,0.001413362449966371,0.002875227015465498,3
125833,0.001413362449966371,0.003669961355626583,3
125834,0.001413362449966371,0.0038771808613091707,3
125835,0.001413362449966371,0.0033445185981690884,3
125836,0.001413362449966371,0.0022288707550615072,3
125837,0.001413362449966371,0.0012832757784053683,3
125838,0.001413362449966371,0.0008336877799592912,3
125839,0.001413362449966371,0.0008489121682941914,3
125840,0.001413362449966371,0.0013331867521628737,3
125841,0.001413362449966371,0.0016928518889471889,3
125842,0.001413362449966371,0.002194416942074895,3
125843,0.001413362449966371,0.002253382932394743,3
125844,0.001413362449966371,0.0018898526905104518,3
125845,0.001413362449966371,0.001983853057026863,3
125846,0.001413362449966371,0.034345582127571106,3
125847,0.001413362449966371,0.004230851773172617,3
125848,0.001413362449966371,0.020459631457924843,3
125849,0.001413362449966371,0.0020530731417238712,3
125850,0.001413362449966371,0.010024836286902428,3
125851,0.001413362449966371,0.0026891077868640423,3
125852,0.001413362449966371,0.01715994067490101,3
125853,0.001413362449966371,0.003966495860368013,3
125854,0.001413362449966371,0.014200498349964619,3
125855,0.001413362449966371,0.006718382239341736,3
125856,0.001413362449966371,0.007154684513807297,3
125857,0.001413362449966371,0.009619812481105328,3
125858,0.001413362449966371,0.006960206665098667,3
125859,0.001413362449966371,0.006282465066760778,3
125860,0.001413362449966371,0.008204691112041473,3
125861,0.001413362449966371,0.007846188731491566,3
125862,0.001413362449966371,0.005725874099880457,3
125863,0.001413362449966371,0.004804790485650301,3
125864,0.001413362449966371,0.003456877078860998,3
125865,0.001413362449966371,0.0037038824521005154,3
125866,0.001413362449966371,0.0030874914955347776,3
125867,0.001413362449966371,0.0025308348704129457,3
125868,0.001413362449966371,0.005892476532608271,3
125869,0.001413362449966371,0.008319113403558731,3
125870,0.001413362449966371,0.009371102787554264,3
125871,0.001413362449966371,0.004679128061980009,3
125872,0.001413362449966371,0.0038869583513587713,3
125873,0.001413362449966371,0.004468259867280722,3
125874,0.001413362449966371,0.00497940368950367,3
125875,0.001413362449966371,0.00482183787971735,3
125876,0.001413362449966371,0.00469888374209404,3
125877,0.001413362449966371,0.003775486722588539,3
125878,0.001413362449966371,0.003951878286898136,3
125879,0.001413362449966371,0.006866199430078268,3
125880,0.001413362449966371,0.006680157035589218,3
125881,0.001413362449966371,0.012256825342774391,3
125882,0.001413362449966371,0.0029762396588921547,3
125883,0.001413362449966371,0.0016149546718224883,3
125884,0.001413362449966371,0.007502385880798101,3
125885,0.001413362449966371,0.0037889990489929914,3
125886,0.001413362449966371,0.004031617194414139,3
125887,0.001413362449966371,0.00475084176287055,3
125888,0.001413362449966371,0.003750968025997281,3
125889,0.001413362449966371,0.004657582379877567,3
125890,0.001413362449966371,0.001983493333682418,3
125891,0.001413362449966371,0.0019198748050257564,3
125892,0.001413362449966371,0.0011503536952659488,3
125893,0.001413362449966371,0.0021317494101822376,3
125894,0.001413362449966371,0.0026190923526883125,3
125895,0.001413362449966371,0.0018489514477550983,3
125896,0.001413362449966371,0.0021448421757668257,3
125897,0.001413362449966371,0.0015314361080527306,3
125898,0.001413362449966371,0.0026914782356470823,3
125899,0.001413362449966371,0.004579760599881411,3
125900,0.001413362449966371,0.00514616584405303,3
125901,0.001413362449966371,0.0037282221019268036,3
125902,0.001413362449966371,0.005718189757317305,3
125903,0.001413362449966371,0.005925105419009924,3
125904,0.001413362449966371,0.010428808629512787,3
125905,0.001413362449966371,0.0037362605798989534,3
125906,0.001413362449966371,0.007712400984019041,3
125907,0.001413362449966371,0.007375591434538364,3
125908,0.001413362449966371,0.020087197422981262,3
125909,0.001413362449966371,0.004804430995136499,3
125910,0.001413362449966371,0.00444789556786418,3
125911,0.001413362449966371,0.005576569586992264,3
125912,0.001413362449966371,0.0031256875954568386,3
125913,0.001413362449966371,0.002864518202841282,3
125914,0.001413362449966371,0.0029289124067872763,3
125915,0.001413362449966371,0.0023875818587839603,3
125916,0.001413362449966371,0.0027041593566536903,3
125917,0.001413362449966371,0.0034675798378884792,3
125918,0.001413362449966371,0.003724359907209873,3
125919,0.001413362449966371,0.003389236982911825,3
125920,0.001413362449966371,0.0036237568128854036,3
125921,0.001413362449966371,0.003349939128383994,3
125922,0.001413362449966371,0.003225533291697502,3
125923,0.001413362449966371,0.0029981397092342377,3
125924,0.001413362449966371,0.0027311185840517282,3
125925,0.001413362449966371,0.0029104382265359163,3
125926,0.001413362449966371,0.0038579662796109915,3
125927,0.001413362449966371,0.0047249626368284225,3
125928,0.001413362449966371,0.008344671688973904,3
125929,0.001413362449966371,0.0042833988554775715,3
125930,0.001413362449966371,0.003931873477995396,3
125931,0.001413362449966371,0.010055330581963062,3
125932,0.001413362449966371,0.008555150590837002,3
125933,0.001413362449966371,0.006551926489919424,3
125934,0.001413362449966371,0.014981433749198914,3
125935,0.001413362449966371,0.0050422330386936665,3
125936,0.001413362449966371,0.003234109841287136,3
125937,0.001413362449966371,0.003471038769930601,3
125938,0.001413362449966371,0.003655260894447565,3
125939,0.001413362449966371,0.0037575308233499527,3
125940,0.001413362449966371,0.0038734013214707375,3
125941,0.001413362449966371,0.004087930545210838,3
125942,0.001413362449966371,0.00466909958049655,3
125943,0.001413362449966371,0.003017198294401169,3
125944,0.001413362449966371,0.00311268656514585,3
125945,0.001413362449966371,0.0032006842084228992,3
125946,0.001413362449966371,0.0029796366579830647,3
125947,0.001413362449966371,0.0030884984880685806,3
125948,0.001413362449966371,0.003129851073026657,3
125949,0.001413362449966371,0.002875695237889886,3
125950,0.001413362449966371,0.0029248513747006655,3
125951,0.001413362449966371,0.0032140417024493217,3
125952,0.001413362449966371,0.001927901292219758,3
125953,0.001413362449966371,0.002150701591745019,3
125954,0.001413362449966371,0.0030079029966145754,3
125955,0.001413362449966371,0.00227520614862442,3
125956,0.001413362449966371,0.004590275231748819,3
125957,0.001413362449966371,0.01030224934220314,3
125958,0.001413362449966371,0.0023398366756737232,3
125959,0.001413362449966371,0.001878138747997582,3
125960,0.001413362449966371,0.0032259407453238964,3
125961,0.001413362449966371,0.0035664536990225315,3
125962,0.001413362449966371,0.003187865950167179,3
125963,0.001413362449966371,0.004477711860090494,3
125964,0.001413362449966371,0.010321516543626785,3
125965,0.001413362449966371,0.0029717732686549425,3
125966,0.001413362449966371,0.003268331289291382,3
125967,0.001413362449966371,0.010647669434547424,3
125968,0.001413362449966371,0.005594514776021242,3
125969,0.001413362449966371,0.0057648117654025555,3
125970,0.001413362449966371,0.00832327175885439,3
125971,0.001413362449966371,0.009608344174921513,3
125972,0.001413362449966371,0.01122911274433136,3
125973,0.001413362449966371,0.006589734926819801,3
125974,0.001413362449966371,0.004659175407141447,3
125975,0.001413362449966371,0.004469659645110369,3
125976,0.001413362449966371,0.006910346914082766,3
125977,0.001413362449966371,0.005317030008882284,3
125978,0.001413362449966371,0.004705028608441353,3
125979,0.001413362449966371,0.00439823605120182,3
125980,0.001413362449966371,0.005333609879016876,3
125981,0.001413362449966371,0.009200770407915115,3
125982,0.001413362449966371,0.01006893627345562,3
125983,0.001413362449966371,0.006448926869779825,3
125984,0.001413362449966371,0.00949506089091301,3
125985,0.001413362449966371,0.009078002534806728,3
125986,0.001413362449966371,0.007312137167900801,3
125987,0.001413362449966371,0.006264631636440754,3
125988,0.001413362449966371,0.008696548640727997,3
125989,0.001413362449966371,0.00803997740149498,3
125990,0.001413362449966371,0.004915308672934771,3
125991,0.001413362449966371,0.004012605175375938,3
125992,0.001413362449966371,0.002850146731361747,3
125993,0.001413362449966371,0.0027332508470863104,3
125994,0.001413362449966371,0.0037068345118314028,3
125995,0.001413362449966371,0.004567287862300873,3
125996,0.001413362449966371,0.004182039760053158,3
125997,0.001413362449966371,0.00317059806548059,3
125998,0.001413362449966371,0.0026914773043245077,3
125999,0.001413362449966371,0.0021283775568008423,3
126000,0.001413362449966371,0.00259379087947309,3
126001,0.0013644706923514605,0.2429352104663849,3
126002,0.0013644706923514605,0.005083007737994194,3
126003,0.0013644706923514605,0.0034217273350805044,3
126004,0.0013644706923514605,0.0036240331828594208,3
126005,0.0013644706923514605,0.0032707962673157454,3
126006,0.0013644706923514605,0.0035013670567423105,3
126007,0.0013644706923514605,0.004534230101853609,3
126008,0.0013644706923514605,0.008043663576245308,3
126009,0.0013644706923514605,0.009959019720554352,3
126010,0.0013644706923514605,0.007245424669235945,3
126011,0.0013644706923514605,0.004604707472026348,3
126012,0.0013644706923514605,0.00468564173206687,3
126013,0.0013644706923514605,0.00498601421713829,3
126014,0.0013644706923514605,0.004593128804117441,3
126015,0.0013644706923514605,0.0027234870940446854,3
126016,0.0013644706923514605,0.003540749428793788,3
126017,0.0013644706923514605,0.015068109147250652,3
126018,0.0013644706923514605,0.023262446746230125,3
126019,0.0013644706923514605,0.03033674694597721,3
126020,0.0013644706923514605,0.026322711259126663,3
126021,0.0013644706923514605,0.02211316116154194,3
126022,0.0013644706923514605,0.019120853394269943,3
126023,0.0013644706923514605,0.016576427966356277,3
126024,0.0013644706923514605,0.013738385401666164,3
126025,0.0013644706923514605,0.010838673450052738,3
126026,0.0013644706923514605,0.008448123931884766,3
126027,0.0013644706923514605,0.01533961296081543,3
126028,0.0013644706923514605,0.005033675581216812,3
126029,0.0013644706923514605,0.013063425198197365,3
126030,0.0013644706923514605,0.004362747073173523,3
126031,0.0013644706923514605,0.009889725595712662,3
126032,0.0013644706923514605,0.006795844528824091,3
126033,0.0013644706923514605,0.007307628635317087,3
126034,0.0013644706923514605,0.007223112974315882,3
126035,0.0013644706923514605,0.006933821830898523,3
126036,0.0013644706923514605,0.006580675486475229,3
126037,0.0013644706923514605,0.006124777719378471,3
126038,0.0013644706923514605,0.004860972054302692,3
126039,0.0013644706923514605,0.0031602615490555763,3
126040,0.0013644706923514605,0.0021498207934200764,3
126041,0.0013644706923514605,0.001593162538483739,3
126042,0.0013644706923514605,0.0019522886723279953,3
126043,0.0013644706923514605,0.002036335878074169,3
126044,0.0013644706923514605,0.001660499139688909,3
126045,0.0013644706923514605,0.0011435154592618346,3
126046,0.0013644706923514605,0.0009614212904125452,3
126047,0.0013644706923514605,0.0008841899689286947,3
126048,0.0013644706923514605,0.0008746574749238789,3
126049,0.0013644706923514605,0.000966076971963048,3
126050,0.0013644706923514605,0.0010487104300409555,3
126051,0.0013644706923514605,0.001121623907238245,3
126052,0.0013644706923514605,0.0009469051146879792,3
126053,0.0013644706923514605,0.0008481777040287852,3
126054,0.0013644706923514605,0.0009444279130548239,3
126055,0.0013644706923514605,0.001675667124800384,3
126056,0.0013644706923514605,0.0018840408883988857,3
126057,0.0013644706923514605,0.001673419727012515,3
126058,0.0013644706923514605,0.000946953019592911,3
126059,0.0013644706923514605,0.0008029422024264932,3
126060,0.0013644706923514605,0.0006892035016790032,3
126061,0.0013644706923514605,0.0006848671473562717,3
126062,0.0013644706923514605,0.0007378643495030701,3
126063,0.0013644706923514605,0.0007458603358827531,3
126064,0.0013644706923514605,0.0007847362430766225,3
126065,0.0013644706923514605,0.0007004086510278285,3
126066,0.0013644706923514605,0.0006141883204691112,3
126067,0.0013644706923514605,0.001041912124492228,3
126068,0.0013644706923514605,0.000841657049022615,3
126069,0.0013644706923514605,0.0004985991399735212,3
126070,0.0013644706923514605,0.0006320570828393102,3
126071,0.0013644706923514605,0.002579794730991125,3
126072,0.0013644706923514605,0.0014977446990087628,3
126073,0.0013644706923514605,0.001244705286808312,3
126074,0.0013644706923514605,0.0011973583605140448,3
126075,0.0013644706923514605,0.0006826139870099723,3
126076,0.0013644706923514605,0.0009461598237976432,3
126077,0.0013644706923514605,0.0007003782084211707,3
126078,0.0013644706923514605,0.0005376763874664903,3
126079,0.0013644706923514605,0.000467755802674219,3
126080,0.0013644706923514605,0.0005522730061784387,3
126081,0.0013644706923514605,0.0007860964979045093,3
126082,0.0013644706923514605,0.0011054332135245204,3
126083,0.0013644706923514605,0.0017152810469269753,3
126084,0.0013644706923514605,0.0010778253199532628,3
126085,0.0013644706923514605,0.0008089069160632789,3
126086,0.0013644706923514605,0.0019051128765568137,3
126087,0.0013644706923514605,0.0004863541107624769,3
126088,0.0013644706923514605,0.0012749949237331748,3
126089,0.0013644706923514605,0.004170177970081568,3
126090,0.0013644706923514605,0.004559589549899101,3
126091,0.0013644706923514605,0.010183358564972878,3
126092,0.0013644706923514605,0.0011296449229121208,3
126093,0.0013644706923514605,0.0008794540772214532,3
126094,0.0013644706923514605,0.0032955254428088665,3
126095,0.0013644706923514605,0.002507977420464158,3
126096,0.0013644706923514605,0.002291768556460738,3
126097,0.0013644706923514605,0.0017635030671954155,3
126098,0.0013644706923514605,0.0014164752792567015,3
126099,0.0013644706923514605,0.0012677265331149101,3
126100,0.0013644706923514605,0.0009322919067926705,3
126101,0.0013644706923514605,0.000713951129000634,3
126102,0.0013644706923514605,0.0006857203552499413,3
126103,0.0013644706923514605,0.0006288611912168562,3
126104,0.0013644706923514605,0.0006076456629671156,3
126105,0.0013644706923514605,0.0005933181964792311,3
126106,0.0013644706923514605,0.0005662814364768565,3
126107,0.0013644706923514605,0.0006237134803086519,3
126108,0.0013644706923514605,0.0006162620848044753,3
126109,0.0013644706923514605,0.0005789070855826139,3
126110,0.0013644706923514605,0.000629683374427259,3
126111,0.0013644706923514605,0.0007269976194947958,3
126112,0.0013644706923514605,0.0008855171035975218,3
126113,0.0013644706923514605,0.0028554555028676987,3
126114,0.0013644706923514605,0.0073224520310759544,3
126115,0.0013644706923514605,0.011502573266625404,3
126116,0.0013644706923514605,0.004263188224285841,3
126117,0.0013644706923514605,0.0028973310254514217,3
126118,0.0013644706923514605,0.0018056044355034828,3
126119,0.0013644706923514605,0.0012548313243314624,3
126120,0.0013644706923514605,0.0010202093981206417,3
126121,0.0013644706923514605,0.0010871132835745811,3
126122,0.0013644706923514605,0.0015170917613431811,3
126123,0.0013644706923514605,0.0019094313029199839,3
126124,0.0013644706923514605,0.002205877099186182,3
126125,0.0013644706923514605,0.002172640524804592,3
126126,0.0013644706923514605,0.0016798294382169843,3
126127,0.0013644706923514605,0.0013822996988892555,3
126128,0.0013644706923514605,0.0010345883201807737,3
126129,0.0013644706923514605,0.0008595772087574005,3
126130,0.0013644706923514605,0.0008353301091119647,3
126131,0.0013644706923514605,0.0009087418438866735,3
126132,0.0013644706923514605,0.0010066747199743986,3
126133,0.0013644706923514605,0.000787953264079988,3
126134,0.0013644706923514605,0.0005736028542742133,3
126135,0.0013644706923514605,0.0005736812599934638,3
126136,0.0013644706923514605,0.0006335083744488657,3
126137,0.0013644706923514605,0.0007038211333565414,3
126138,0.0013644706923514605,0.0006485936464741826,3
126139,0.0013644706923514605,0.0006410640780813992,3
126140,0.0013644706923514605,0.0007349927327595651,3
126141,0.0013644706923514605,0.0008781931828707457,3
126142,0.0013644706923514605,0.0013066012179479003,3
126143,0.0013644706923514605,0.0015849365154281259,3
126144,0.0013644706923514605,0.0012706441339105368,3
126145,0.0013644706923514605,0.0008822177769616246,3
126146,0.0013644706923514605,0.0007268108893185854,3
126147,0.0013644706923514605,0.0010355939157307148,3
126148,0.0013644706923514605,0.0013874329160898924,3
126149,0.0013644706923514605,0.0018116107676178217,3
126150,0.0013644706923514605,0.00244362885132432,3
126151,0.0013644706923514605,0.0016655023209750652,3
126152,0.0013644706923514605,0.00170830637216568,3
126153,0.0013644706923514605,0.00203126622363925,3
126154,0.0013644706923514605,0.0010665598092600703,3
126155,0.0013644706923514605,0.0021912085358053446,3
126156,0.0013644706923514605,0.001730661024339497,3
126157,0.0013644706923514605,0.0037441232707351446,3
126158,0.0013644706923514605,0.010585530661046505,3
126159,0.0013644706923514605,0.006278547924011946,3
126160,0.0013644706923514605,0.004873648751527071,3
126161,0.0013644706923514605,0.003563358448445797,3
126162,0.0013644706923514605,0.029800714924931526,3
126163,0.0013644706923514605,0.003164828522130847,3
126164,0.0013644706923514605,0.0025487311650067568,3
126165,0.0013644706923514605,0.0023351991549134254,3
126166,0.0013644706923514605,0.0019567597191780806,3
126167,0.0013644706923514605,0.0026585888117551804,3
126168,0.0013644706923514605,0.0035642387811094522,3
126169,0.0013644706923514605,0.003031596541404724,3
126170,0.0013644706923514605,0.0024974525440484285,3
126171,0.0013644706923514605,0.003360023954883218,3
126172,0.0013644706923514605,0.0025326842442154884,3
126173,0.0013644706923514605,0.0018732062308117747,3
126174,0.0013644706923514605,0.0020212046802043915,3
126175,0.0013644706923514605,0.001978904940187931,3
126176,0.0013644706923514605,0.0043563442304730415,3
126177,0.0013644706923514605,0.005563074257224798,3
126178,0.0013644706923514605,0.007957495748996735,3
126179,0.0013644706923514605,0.010884225368499756,3
126180,0.0013644706923514605,0.0011524586006999016,3
126181,0.0013644706923514605,0.0023783547803759575,3
126182,0.0013644706923514605,0.002028524409979582,3
126183,0.0013644706923514605,0.002525845542550087,3
126184,0.0013644706923514605,0.0031333083752542734,3
126185,0.0013644706923514605,0.003989400342106819,3
126186,0.0013644706923514605,0.0028807015623897314,3
126187,0.0013644706923514605,0.0018341345712542534,3
126188,0.0013644706923514605,0.0014812103472650051,3
126189,0.0013644706923514605,0.0012121603358536959,3
126190,0.0013644706923514605,0.0013720843708142638,3
126191,0.0013644706923514605,0.0015559557359665632,3
126192,0.0013644706923514605,0.0026063919067382812,3
126193,0.0013644706923514605,0.0026627201586961746,3
126194,0.0013644706923514605,0.0016381562454625964,3
126195,0.0013644706923514605,0.0008910560864023864,3
126196,0.0013644706923514605,0.005460955668240786,3
126197,0.0013644706923514605,0.010047828778624535,3
126198,0.0013644706923514605,0.0011192334350198507,3
126199,0.0013644706923514605,0.0008625235059298575,3
126200,0.0013644706923514605,0.000986726488918066,3
126201,0.0013644706923514605,0.0010992689058184624,3
126202,0.0013644706923514605,0.001216298434883356,3
126203,0.0013644706923514605,0.002401133067905903,3
126204,0.0013644706923514605,0.0014431613963097334,3
126205,0.0013644706923514605,0.0032336399890482426,3
126206,0.0013644706923514605,0.0012517160503193736,3
126207,0.0013644706923514605,0.003938404843211174,3
126208,0.0013644706923514605,0.0016992193413898349,3
126209,0.0013644706923514605,0.00302642909809947,3
126210,0.0013644706923514605,0.003182376502081752,3
126211,0.0013644706923514605,0.002792959101498127,3
126212,0.0013644706923514605,0.0033017101231962442,3
126213,0.0013644706923514605,0.0038308007642626762,3
126214,0.0013644706923514605,0.0037379583809524775,3
126215,0.0013644706923514605,0.002827020362019539,3
126216,0.0013644706923514605,0.00190993573050946,3
126217,0.0013644706923514605,0.0011567361652851105,3
126218,0.0013644706923514605,0.0008001784444786608,3
126219,0.0013644706923514605,0.0007362275500781834,3
126220,0.0013644706923514605,0.001166008529253304,3
126221,0.0013644706923514605,0.0020131184719502926,3
126222,0.0013644706923514605,0.003383149392902851,3
126223,0.0013644706923514605,0.0029142654966562986,3
126224,0.0013644706923514605,0.0037959162145853043,3
126225,0.0013644706923514605,0.0039673736318945885,3
126226,0.0013644706923514605,0.005817019380629063,3
126227,0.0013644706923514605,0.004887890070676804,3
126228,0.0013644706923514605,0.0038444760721176863,3
126229,0.0013644706923514605,0.003637120593339205,3
126230,0.0013644706923514605,0.004500204231590033,3
126231,0.0013644706923514605,0.00558346975594759,3
126232,0.0013644706923514605,0.0037808986380696297,3
126233,0.0013644706923514605,0.005506918765604496,3
126234,0.0013644706923514605,0.008097000420093536,3
126235,0.0013644706923514605,0.008137473836541176,3
126236,0.0013644706923514605,0.010289156809449196,3
126237,0.0013644706923514605,0.006558863911777735,3
126238,0.0013644706923514605,0.0027923977468162775,3
126239,0.0013644706923514605,0.0029286127537488937,3
126240,0.0013644706923514605,0.0025444133207201958,3
126241,0.0013644706923514605,0.0022431721445173025,3
126242,0.0013644706923514605,0.0015949931694194674,3
126243,0.0013644706923514605,0.0015501773450523615,3
126244,0.0013644706923514605,0.0013636965304613113,3
126245,0.0013644706923514605,0.001407925272360444,3
126246,0.0013644706923514605,0.00165691995061934,3
126247,0.0013644706923514605,0.002148132538422942,3
126248,0.0013644706923514605,0.002277279505506158,3
126249,0.0013644706923514605,0.0014825265388935804,3
126250,0.0013644706923514605,0.0011434905463829637,3
126251,0.0013644706923514605,0.001023378106765449,3
126252,0.0013644706923514605,0.0010036372113972902,3
126253,0.0013644706923514605,0.0011202240129932761,3
126254,0.0013644706923514605,0.0014364987146109343,3
126255,0.0013644706923514605,0.0018510372610762715,3
126256,0.0013644706923514605,0.0031818358693271875,3
126257,0.0013644706923514605,0.0027784514240920544,3
126258,0.0013644706923514605,0.0025099909398704767,3
126259,0.0013644706923514605,0.003052724292501807,3
126260,0.0013644706923514605,0.0018377576489001513,3
126261,0.0013644706923514605,0.0011820081854239106,3
126262,0.0013644706923514605,0.0021514948457479477,3
126263,0.0013644706923514605,0.0014736178563907743,3
126264,0.0013644706923514605,0.0027985067572444677,3
126265,0.0013644706923514605,0.0023675011470913887,3
126266,0.0013644706923514605,0.001026889425702393,3
126267,0.0013644706923514605,0.001874122186563909,3
126268,0.0013644706923514605,0.003367889206856489,3
126269,0.0013644706923514605,0.0067985705099999905,3
126270,0.0013644706923514605,0.0015016054967418313,3
126271,0.0013644706923514605,0.0023340778425335884,3
126272,0.0013644706923514605,0.0025603389367461205,3
126273,0.0013644706923514605,0.002412856789305806,3
126274,0.0013644706923514605,0.0037549445405602455,3
126275,0.0013644706923514605,0.020490737631917,3
126276,0.0013644706923514605,0.003940008580684662,3
126277,0.0013644706923514605,0.004195014480501413,3
126278,0.0013644706923514605,0.004786700010299683,3
126279,0.0013644706923514605,0.0036210420075803995,3
126280,0.0013644706923514605,0.002968444721773267,3
126281,0.0013644706923514605,0.0019430221291258931,3
126282,0.0013644706923514605,0.0019106322433799505,3
126283,0.0013644706923514605,0.002828543772920966,3
126284,0.0013644706923514605,0.004525329452008009,3
126285,0.0013644706923514605,0.0038733012042939663,3
126286,0.0013644706923514605,0.0038242607843130827,3
126287,0.0013644706923514605,0.004279761109501123,3
126288,0.0013644706923514605,0.0023268922232091427,3
126289,0.0013644706923514605,0.0016017542220652103,3
126290,0.0013644706923514605,0.002238617977127433,3
126291,0.0013644706923514605,0.0020473580807447433,3
126292,0.0013644706923514605,0.00179208570625633,3
126293,0.0013644706923514605,0.0013331600930541754,3
126294,0.0013644706923514605,0.001477935235016048,3
126295,0.0013644706923514605,0.0013176664942875504,3
126296,0.0013644706923514605,0.0016694373916834593,3
126297,0.0013644706923514605,0.0017014344921335578,3
126298,0.0013644706923514605,0.002201987197622657,3
126299,0.0013644706923514605,0.0008869312005117536,3
126300,0.0013644706923514605,0.000918476318474859,3
126301,0.0013644706923514605,0.0005953781655989587,3
126302,0.0013644706923514605,0.0006431238725781441,3
126303,0.0013644706923514605,0.0011969264596700668,3
126304,0.0013644706923514605,0.0016760629368945956,3
126305,0.0013644706923514605,0.003219020087271929,3
126306,0.0013644706923514605,0.00390633475035429,3
126307,0.0013644706923514605,0.007924927398562431,3
126308,0.0013644706923514605,0.002395796589553356,3
126309,0.0013644706923514605,0.006126733496785164,3
126310,0.0013644706923514605,0.005258585792034864,3
126311,0.0013644706923514605,0.004036931786686182,3
126312,0.0013644706923514605,0.003210787894204259,3
126313,0.0013644706923514605,0.002804343355819583,3
126314,0.0013644706923514605,0.001983251655474305,3
126315,0.0013644706923514605,0.0015610781265422702,3
126316,0.0013644706923514605,0.0010935565223917365,3
126317,0.0013644706923514605,0.0012994413264095783,3
126318,0.0013644706923514605,0.0016065918607637286,3
126319,0.0013644706923514605,0.0025028071831911802,3
126320,0.0013644706923514605,0.0023465699050575495,3
126321,0.0013644706923514605,0.001842093886807561,3
126322,0.0013644706923514605,0.0011357254115864635,3
126323,0.0013644706923514605,0.0009660248761065304,3
126324,0.0013644706923514605,0.0009814281947910786,3
126325,0.0013644706923514605,0.0010202850680798292,3
126326,0.0013644706923514605,0.000959225813858211,3
126327,0.0013644706923514605,0.0010281482245773077,3
126328,0.0013644706923514605,0.001153864897787571,3
126329,0.0013644706923514605,0.001166841946542263,3
126330,0.0013644706923514605,0.0010286690667271614,3
126331,0.0013644706923514605,0.0008761237259022892,3
126332,0.0013644706923514605,0.0008762773359194398,3
126333,0.0013644706923514605,0.0007944328244775534,3
126334,0.0013644706923514605,0.0008810781291685998,3
126335,0.0013644706923514605,0.0008768616826273501,3
126336,0.0013644706923514605,0.000759330578148365,3
126337,0.0013644706923514605,0.0006788601749576628,3
126338,0.0013644706923514605,0.0006441966397687793,3
126339,0.0013644706923514605,0.0005751935532316566,3
126340,0.0013644706923514605,0.0006202392396517098,3
126341,0.0013644706923514605,0.0007994059124030173,3
126342,0.0013644706923514605,0.0007880611228756607,3
126343,0.0013644706923514605,0.0007869680412113667,3
126344,0.0013644706923514605,0.0006752389599569142,3
126345,0.0013644706923514605,0.0007284983294084668,3
126346,0.0013644706923514605,0.0008726047817617655,3
126347,0.0013644706923514605,0.0007074577151797712,3
126348,0.0013644706923514605,0.0005525760934688151,3
126349,0.0013644706923514605,0.0005671252147294581,3
126350,0.0013644706923514605,0.0013597067445516586,3
126351,0.0013644706923514605,0.0010823990451171994,3
126352,0.0013644706923514605,0.0006027854396961629,3
126353,0.0013644706923514605,0.0005698470631614327,3
126354,0.0013644706923514605,0.0009287576540373266,3
126355,0.0013644706923514605,0.001985864946618676,3
126356,0.0013644706923514605,0.0018195795128121972,3
126357,0.0013644706923514605,0.0009597128955647349,3
126358,0.0013644706923514605,0.0008272647392004728,3
126359,0.0013644706923514605,0.0006519794696941972,3
126360,0.0013644706923514605,0.0006794858491048217,3
126361,0.0013644706923514605,0.0006576523883268237,3
126362,0.0013644706923514605,0.0006067579961381853,3
126363,0.0013644706923514605,0.0007002184865996242,3
126364,0.0013644706923514605,0.0010432885028421879,3
126365,0.0013644706923514605,0.0007928325794637203,3
126366,0.0013644706923514605,0.0009467412019148469,3
126367,0.0013644706923514605,0.0007940825307741761,3
126368,0.0013644706923514605,0.0006309346645139158,3
126369,0.0013644706923514605,0.0010502755176275969,3
126370,0.0013644706923514605,0.0005909076426178217,3
126371,0.0013644706923514605,0.0008384526008740067,3
126372,0.0013644706923514605,0.0033654472790658474,3
126373,0.0013644706923514605,0.0008931249030865729,3
126374,0.0013644706923514605,0.0016493116272613406,3
126375,0.0013644706923514605,0.001386307063512504,3
126376,0.0013644706923514605,0.002791520906612277,3
126377,0.0013644706923514605,0.0014758899342268705,3
126378,0.0013644706923514605,0.001018012873828411,3
126379,0.0013644706923514605,0.0014810371212661266,3
126380,0.0013644706923514605,0.01103290542960167,3
126381,0.0013644706923514605,0.0011089009931311011,3
126382,0.0013644706923514605,0.001433249213732779,3
126383,0.0013644706923514605,0.0008877770160324872,3
126384,0.0013644706923514605,0.0009899954311549664,3
126385,0.0013644706923514605,0.0005661304458044469,3
126386,0.0013644706923514605,0.0008135145762935281,3
126387,0.0013644706923514605,0.0012568831443786621,3
126388,0.0013644706923514605,0.0008135699317790568,3
126389,0.0013644706923514605,0.0006561812479048967,3
126390,0.0013644706923514605,0.0007392685511149466,3
126391,0.0013644706923514605,0.0009885565377771854,3
126392,0.0013644706923514605,0.0010537350317463279,3
126393,0.0013644706923514605,0.0011852674651890993,3
126394,0.0013644706923514605,0.0007874333532527089,3
126395,0.0013644706923514605,0.002008401323109865,3
126396,0.0013644706923514605,0.0009319360251538455,3
126397,0.0013644706923514605,0.0016579973744228482,3
126398,0.0013644706923514605,0.0015740968519821763,3
126399,0.0013644706923514605,0.001232879818417132,3
126400,0.0013644706923514605,0.0010720886057242751,3
126401,0.0013644706923514605,0.0012442347360774875,3
126402,0.0013644706923514605,0.0012068195501342416,3
126403,0.0013644706923514605,0.0013230718905106187,3
126404,0.0013644706923514605,0.001371141173876822,3
126405,0.0013644706923514605,0.00123574526514858,3
126406,0.0013644706923514605,0.0014680639142170548,3
126407,0.0013644706923514605,0.0015587137313559651,3
126408,0.0013644706923514605,0.0015622578794136643,3
126409,0.0013644706923514605,0.001558914897032082,3
126410,0.0013644706923514605,0.0015244720270857215,3
126411,0.0013644706923514605,0.0011451801983639598,3
126412,0.0013644706923514605,0.0009352150373160839,3
126413,0.0013644706923514605,0.0006852034712210298,3
126414,0.0013644706923514605,0.0006410471978597343,3
126415,0.0013644706923514605,0.0006553420098498464,3
126416,0.0013644706923514605,0.0007801096071489155,3
126417,0.0013644706923514605,0.0008942187414504588,3
126418,0.0013644706923514605,0.000764391734264791,3
126419,0.0013644706923514605,0.0005765258683823049,3
126420,0.0013644706923514605,0.000600663130171597,3
126421,0.0013644706923514605,0.0005663877818733454,3
126422,0.0013644706923514605,0.000657061580568552,3
126423,0.0013644706923514605,0.0006235099281184375,3
126424,0.0013644706923514605,0.000602941436227411,3
126425,0.0013644706923514605,0.0006152062560431659,3
126426,0.0013644706923514605,0.0006380420527420938,3
126427,0.0013644706923514605,0.000580877938773483,3
126428,0.0013644706923514605,0.0005407079006545246,3
126429,0.0013644706923514605,0.00047923356760293245,3
126430,0.0013644706923514605,0.000521716836374253,3
126431,0.0013644706923514605,0.0006814563530497253,3
126432,0.0013644706923514605,0.0008255630382336676,3
126433,0.0013644706923514605,0.0009373761713504791,3
126434,0.0013644706923514605,0.0012138924794271588,3
126435,0.0013644706923514605,0.0013310278300195932,3
126436,0.0013644706923514605,0.0015805007424205542,3
126437,0.0013644706923514605,0.0013284948654472828,3
126438,0.0013644706923514605,0.0010790085652843118,3
126439,0.0013644706923514605,0.0008894713246263564,3
126440,0.0013644706923514605,0.0007492791628465056,3
126441,0.0013644706923514605,0.0008550842758268118,3
126442,0.0013644706923514605,0.00968649797141552,3
126443,0.0013644706923514605,0.008397199213504791,3
126444,0.0013644706923514605,0.00722876749932766,3
126445,0.0013644706923514605,0.005084398668259382,3
126446,0.0013644706923514605,0.0038316724821925163,3
126447,0.0013644706923514605,0.003124763024970889,3
126448,0.0013644706923514605,0.0026767204981297255,3
126449,0.0013644706923514605,0.002895382698625326,3
126450,0.0013644706923514605,0.0031236051581799984,3
126451,0.0013644706923514605,0.002764269709587097,3
126452,0.0013644706923514605,0.0022714838851243258,3
126453,0.0013644706923514605,0.00352053577080369,3
126454,0.0013644706923514605,0.0036171344108879566,3
126455,0.0013644706923514605,0.003143324051052332,3
126456,0.0013644706923514605,0.002437408547848463,3
126457,0.0013644706923514605,0.002145955339074135,3
126458,0.0013644706923514605,0.003049655817449093,3
126459,0.0013644706923514605,0.003154020057991147,3
126460,0.0013644706923514605,0.0037681281100958586,3
126461,0.0013644706923514605,0.004116171505302191,3
126462,0.0013644706923514605,0.0036618285812437534,3
126463,0.0013644706923514605,0.001701856148429215,3
126464,0.0013644706923514605,0.0024039826821535826,3
126465,0.0013644706923514605,0.003484511049464345,3
126466,0.0013644706923514605,0.004586478229612112,3
126467,0.0013644706923514605,0.0033661974593997,3
126468,0.0013644706923514605,0.004413933958858252,3
126469,0.0013644706923514605,0.0032095315400511026,3
126470,0.0013644706923514605,0.0013339235447347164,3
126471,0.0013644706923514605,0.00331660988740623,3
126472,0.0013644706923514605,0.00676309410482645,3
126473,0.0013644706923514605,0.0015162607887759805,3
126474,0.0013644706923514605,0.0013472347054630518,3
126475,0.0013644706923514605,0.0006190810236148536,3
126476,0.0013644706923514605,0.0018443515291437507,3
126477,0.0013644706923514605,0.0017431178130209446,3
126478,0.0013644706923514605,0.005181821994483471,3
126479,0.0013644706923514605,0.015893729403614998,3
126480,0.0013644706923514605,0.13694098591804504,3
126481,0.0013644706923514605,0.13159720599651337,3
126482,0.0013644706923514605,0.1158774197101593,3
126483,0.0013644706923514605,0.10032132267951965,3
126484,0.0013644706923514605,0.08479546755552292,3
126485,0.0013644706923514605,0.06814862042665482,3
126486,0.0013644706923514605,0.05388787388801575,3
126487,0.0013644706923514605,0.04655492678284645,3
126488,0.0013644706923514605,0.04147845134139061,3
126489,0.0013644706923514605,0.033186085522174835,3
126490,0.0013644706923514605,0.027555523440241814,3
126491,0.0013644706923514605,0.026966163888573647,3
126492,0.0013644706923514605,0.025642922148108482,3
126493,0.0013644706923514605,0.025011569261550903,3
126494,0.0013644706923514605,0.025890501216053963,3
126495,0.0013644706923514605,0.025544581934809685,3
126496,0.0013644706923514605,0.023003986105322838,3
126497,0.0013644706923514605,0.02216636948287487,3
126498,0.0013644706923514605,0.02055073156952858,3
126499,0.0013644706923514605,0.018506018444895744,3
126500,0.0013644706923514605,0.019047684967517853,3
126501,0.0013644706923514605,0.02120552770793438,3
126502,0.0013644706923514605,0.024178793653845787,3
126503,0.0013644706923514605,0.025531813502311707,3
126504,0.0013644706923514605,0.02718207612633705,3
126505,0.0013644706923514605,0.02957294136285782,3
126506,0.0013644706923514605,0.029890000820159912,3
126507,0.0013644706923514605,0.027297690510749817,3
126508,0.0013644706923514605,0.02398735284805298,3
126509,0.0013644706923514605,0.021339524537324905,3
126510,0.0013644706923514605,0.018591616302728653,3
126511,0.0013644706923514605,0.016569597646594048,3
126512,0.0013644706923514605,0.01500391773879528,3
126513,0.0013644706923514605,0.013969247229397297,3
126514,0.0013644706923514605,0.013178111054003239,3
126515,0.0013644706923514605,0.01255200244486332,3
126516,0.0013644706923514605,0.012187885120511055,3
126517,0.0013644706923514605,0.01211402378976345,3
126518,0.0013644706923514605,0.01208967249840498,3
126519,0.0013644706923514605,0.012130583636462688,3
126520,0.0013644706923514605,0.012292415834963322,3
126521,0.0013644706923514605,0.012545626610517502,3
126522,0.0013644706923514605,0.014002321287989616,3
126523,0.0013644706923514605,0.008342680521309376,3
126524,0.0013644706923514605,0.019095048308372498,3
126525,0.0013644706923514605,0.005625972989946604,3
126526,0.0013644706923514605,0.015200795605778694,3
126527,0.0013644706923514605,0.004316875245422125,3
126528,0.0013644706923514605,0.004188816994428635,3
126529,0.0013644706923514605,0.004959225654602051,3
126530,0.0013644706923514605,0.008354367688298225,3
126531,0.0013644706923514605,0.01006479561328888,3
126532,0.0013644706923514605,0.0032012672163546085,3
126533,0.0013644706923514605,0.004340849816799164,3
126534,0.0013644706923514605,0.002803489798679948,3
126535,0.0013644706923514605,0.006756816525012255,3
126536,0.0013644706923514605,0.0031498775351792574,3
126537,0.0013644706923514605,0.02083582803606987,3
126538,0.0013644706923514605,0.0032529861200600863,3
126539,0.0013644706923514605,0.003613225417211652,3
126540,0.0013644706923514605,0.004988919943571091,3
126541,0.0013644706923514605,0.005355888046324253,3
126542,0.0013644706923514605,0.008265030570328236,3
126543,0.0013644706923514605,0.01253659836947918,3
126544,0.0013644706923514605,0.0015008477494120598,3
126545,0.0013644706923514605,0.0013320824364200234,3
126546,0.0013644706923514605,0.004927793517708778,3
126547,0.0013644706923514605,0.0028867744840681553,3
126548,0.0013644706923514605,0.0018691756995394826,3
126549,0.0013644706923514605,0.005876956507563591,3
126550,0.0013644706923514605,0.0019730255007743835,3
126551,0.0013644706923514605,0.0012733024777844548,3
126552,0.0013644706923514605,0.011335330083966255,3
126553,0.0013644706923514605,0.0010494780726730824,3
126554,0.0013644706923514605,0.0019150127191096544,3
126555,0.0013644706923514605,0.004323954693973064,3
126556,0.0013644706923514605,0.001610230072401464,3
126557,0.0013644706923514605,0.006036221981048584,3
126558,0.0013644706923514605,0.008010178804397583,3
126559,0.0013644706923514605,0.002507444703951478,3
126560,0.0013644706923514605,0.002504277741536498,3
126561,0.0013644706923514605,0.003509379690513015,3
126562,0.0013644706923514605,0.0029040109366178513,3
126563,0.0013644706923514605,0.003724323119968176,3
126564,0.0013644706923514605,0.0032639396376907825,3
126565,0.0013644706923514605,0.003224049462005496,3
126566,0.0013644706923514605,0.0036833607591688633,3
126567,0.0013644706923514605,0.002312920754775405,3
126568,0.0013644706923514605,0.0033253468573093414,3
126569,0.0013644706923514605,0.0016308685299009085,3
126570,0.0013644706923514605,0.0026774953585118055,3
126571,0.0013644706923514605,0.0019042609492316842,3
126572,0.0013644706923514605,0.0028871202375739813,3
126573,0.0013644706923514605,0.0029220092110335827,3
126574,0.0013644706923514605,0.003241257043555379,3
126575,0.0013644706923514605,0.003933803178369999,3
126576,0.0013644706923514605,0.0040066740475595,3
126577,0.0013644706923514605,0.004680067766457796,3
126578,0.0013644706923514605,0.006005208473652601,3
126579,0.0013644706923514605,0.008553186431527138,3
126580,0.0013644706923514605,0.012288898229598999,3
126581,0.0013644706923514605,0.008341980166733265,3
126582,0.0013644706923514605,0.009259806014597416,3
126583,0.0013644706923514605,0.0040710438042879105,3
126584,0.0013644706923514605,0.004705275874584913,3
126585,0.0013644706923514605,0.006611382123082876,3
126586,0.0013644706923514605,0.011402450501918793,3
126587,0.0013644706923514605,0.004214567597955465,3
126588,0.0013644706923514605,0.008283291012048721,3
126589,0.0013644706923514605,0.003327336860820651,3
126590,0.0013644706923514605,0.009163162671029568,3
126591,0.0013644706923514605,0.004016174003481865,3
126592,0.0013644706923514605,0.005725058726966381,3
126593,0.0013644706923514605,0.0036181462928652763,3
126594,0.0013644706923514605,0.003937011584639549,3
126595,0.0013644706923514605,0.002972616348415613,3
126596,0.0013644706923514605,0.002875481965020299,3
126597,0.0013644706923514605,0.003455309197306633,3
126598,0.0013644706923514605,0.005376661662012339,3
126599,0.0013644706923514605,0.0028356958646327257,3
126600,0.0013644706923514605,0.0034381384029984474,3
126601,0.0013644706923514605,0.02150699682533741,3
126602,0.0013644706923514605,0.00488203065469861,3
126603,0.0013644706923514605,0.005081073381006718,3
126604,0.0013644706923514605,0.011587830260396004,3
126605,0.0013644706923514605,0.008429192937910557,3
126606,0.0013644706923514605,0.005048863124102354,3
126607,0.0013644706923514605,0.02177250199019909,3
126608,0.0013644706923514605,0.007027071435004473,3
126609,0.0013644706923514605,0.002655697287991643,3
126610,0.0013644706923514605,0.00758209777995944,3
126611,0.0013644706923514605,0.029653115198016167,3
126612,0.0013644706923514605,0.005968215875327587,3
126613,0.0013644706923514605,0.012905212119221687,3
126614,0.0013644706923514605,0.00516562769189477,3
126615,0.0013644706923514605,0.005502224434167147,3
126616,0.0013644706923514605,0.008318603970110416,3
126617,0.0013644706923514605,0.011461334303021431,3
126618,0.0013644706923514605,0.005036430899053812,3
126619,0.0013644706923514605,0.0049849883653223515,3
126620,0.0013644706923514605,0.0057835387997329235,3
126621,0.0013644706923514605,0.007027642335742712,3
126622,0.0013644706923514605,0.013898538425564766,3
126623,0.0013644706923514605,0.006445434410125017,3
126624,0.0013644706923514605,0.008966373279690742,3
126625,0.0013644706923514605,0.03318800404667854,3
126626,0.0013644706923514605,0.008454947732388973,3
126627,0.0013644706923514605,0.02709013782441616,3
126628,0.0013644706923514605,0.01192746963351965,3
126629,0.0013644706923514605,0.012541355565190315,3
126630,0.0013644706923514605,0.013006052002310753,3
126631,0.0013644706923514605,0.013059642165899277,3
126632,0.0013644706923514605,0.012735407799482346,3
126633,0.0013644706923514605,0.04242437332868576,3
126634,0.0013644706923514605,0.026201430708169937,3
126635,0.0013644706923514605,0.01863064430654049,3
126636,0.0013644706923514605,0.013811900280416012,3
126637,0.0013644706923514605,0.009736485779285431,3
126638,0.0013644706923514605,0.01178694237023592,3
126639,0.0013644706923514605,0.008107608184218407,3
126640,0.0013644706923514605,0.009191691875457764,3
126641,0.0013644706923514605,0.007754226215183735,3
126642,0.0013644706923514605,0.007640225812792778,3
126643,0.0013644706923514605,0.00367665383964777,3
126644,0.0013644706923514605,0.0020374818705022335,3
126645,0.0013644706923514605,0.0031575742177665234,3
126646,0.0013644706923514605,0.001705580623820424,3
126647,0.0013644706923514605,0.001402053632773459,3
126648,0.0013644706923514605,0.0011853077448904514,3
126649,0.0013644706923514605,0.0011133564403280616,3
126650,0.0013644706923514605,0.0012351351324468851,3
126651,0.0013644706923514605,0.0013767509954050183,3
126652,0.0013644706923514605,0.001556570641696453,3
126653,0.0013644706923514605,0.001458972692489624,3
126654,0.0013644706923514605,0.0021493833046406507,3
126655,0.0013644706923514605,0.0028843998443335295,3
126656,0.0013644706923514605,0.0021249703131616116,3
126657,0.0013644706923514605,0.0023266172502189875,3
126658,0.0013644706923514605,0.023874562233686447,3
126659,0.0013644706923514605,0.0009784084977582097,3
126660,0.0013644706923514605,0.0010750481160357594,3
126661,0.0013644706923514605,0.001052916282787919,3
126662,0.0013644706923514605,0.0021859128028154373,3
126663,0.0013644706923514605,0.003569529391825199,3
126664,0.0013644706923514605,0.005208286922425032,3
126665,0.0013644706923514605,0.0046962252818048,3
126666,0.0013644706923514605,0.004172137472778559,3
126667,0.0013644706923514605,0.0011763698421418667,3
126668,0.0013644706923514605,0.0008591509540565312,3
126669,0.0013644706923514605,0.0025086398236453533,3
126670,0.0013644706923514605,0.004206378012895584,3
126671,0.0013644706923514605,0.003802219172939658,3
126672,0.0013644706923514605,0.003781302599236369,3
126673,0.0013644706923514605,0.00797696877270937,3
126674,0.0013644706923514605,0.005450966767966747,3
126675,0.0013644706923514605,0.0037549445405602455,3
126676,0.0013644706923514605,0.020490737631917,3
126677,0.0013644706923514605,0.004472533240914345,3
126678,0.0013644706923514605,0.0052154106087982655,3
126679,0.0013644706923514605,0.007638002745807171,3
126680,0.0013644706923514605,0.008243635296821594,3
126681,0.0013644706923514605,0.015621744096279144,3
126682,0.0013644706923514605,0.010965452529489994,3
126683,0.0013644706923514605,0.006805806886404753,3
126684,0.0013644706923514605,0.00466196658089757,3
126685,0.0013644706923514605,0.0042962380684912205,3
126686,0.0013644706923514605,0.005235363729298115,3
126687,0.0013644706923514605,0.005642369855195284,3
126688,0.0013644706923514605,0.0057481625117361546,3
126689,0.0013644706923514605,0.0042664180509746075,3
126690,0.0013644706923514605,0.004029756411910057,3
126691,0.0013644706923514605,0.00522914994508028,3
126692,0.0013644706923514605,0.0038153468631207943,3
126693,0.0013644706923514605,0.004459290765225887,3
126694,0.0013644706923514605,0.003946990240365267,3
126695,0.0013644706923514605,0.010664227418601513,3
126696,0.0013644706923514605,0.00825593899935484,3
126697,0.0013644706923514605,0.0063017080537974834,3
126698,0.0013644706923514605,0.004357814788818359,3
126699,0.0013644706923514605,0.004209965467453003,3
126700,0.0013644706923514605,0.0036266439128667116,3
126701,0.0013644706923514605,0.0029023585375398397,3
126702,0.0013644706923514605,0.00288653583265841,3
126703,0.0013644706923514605,0.003591112093999982,3
126704,0.0013644706923514605,0.0029659545980393887,3
126705,0.0013644706923514605,0.0025622027460485697,3
126706,0.0013644706923514605,0.003298718249425292,3
126707,0.0013644706923514605,0.0036724151577800512,3
126708,0.0013644706923514605,0.003962320741266012,3
126709,0.0013644706923514605,0.004402289632707834,3
126710,0.0013644706923514605,0.005595804657787085,3
126711,0.0013644706923514605,0.004885237198323011,3
126712,0.0013644706923514605,0.002342159627005458,3
126713,0.0013644706923514605,0.0014841285301372409,3
126714,0.0013644706923514605,0.0010909584816545248,3
126715,0.0013644706923514605,0.0012525639031082392,3
126716,0.0013644706923514605,0.00130290852393955,3
126717,0.0013644706923514605,0.0012361840344965458,3
126718,0.0013644706923514605,0.0011928225867450237,3
126719,0.0013644706923514605,0.0010803532786667347,3
126720,0.0013644706923514605,0.0011733433930203319,3
126721,0.0013644706923514605,0.0012053324608132243,3
126722,0.0013644706923514605,0.0010194913484156132,3
126723,0.0013644706923514605,0.0011755815939977765,3
126724,0.0013644706923514605,0.0011959276162087917,3
126725,0.0013644706923514605,0.0011344131780788302,3
126726,0.0013644706923514605,0.0010991975432261825,3
126727,0.0013644706923514605,0.0011120638810098171,3
126728,0.0013644706923514605,0.00112522195558995,3
126729,0.0013644706923514605,0.0015376119408756495,3
126730,0.0013644706923514605,0.0013915430754423141,3
126731,0.0013644706923514605,0.0016279419651255012,3
126732,0.0013644706923514605,0.0013482257490977645,3
126733,0.0013644706923514605,0.0014433037722483277,3
126734,0.0013644706923514605,0.0016087385592982173,3
126735,0.0013644706923514605,0.00161364593077451,3
126736,0.0013644706923514605,0.001856995397247374,3
126737,0.0013644706923514605,0.0020914606284350157,3
126738,0.0013644706923514605,0.0023709884844720364,3
126739,0.0013644706923514605,0.002417813055217266,3
126740,0.0013644706923514605,0.0025876429863274097,3
126741,0.0013644706923514605,0.00214454997330904,3
126742,0.0013644706923514605,0.001484200358390808,3
126743,0.0013644706923514605,0.0029234245885163546,3
126744,0.0013644706923514605,0.005073979496955872,3
126745,0.0013644706923514605,0.003105691634118557,3
126746,0.0013644706923514605,0.0032012967858463526,3
126747,0.0013644706923514605,0.002972864545881748,3
126748,0.0013644706923514605,0.0024460102431476116,3
126749,0.0013644706923514605,0.0027670252602547407,3
126750,0.0013644706923514605,0.0020824854727834463,3
126751,0.0013644706923514605,0.002687550149857998,3
126752,0.0013644706923514605,0.0019586205016821623,3
126753,0.0013644706923514605,0.006577343214303255,3
126754,0.0013644706923514605,0.03219657018780708,3
126755,0.0013644706923514605,0.0036965019535273314,3
126756,0.0013644706923514605,0.018930980935692787,3
126757,0.0013644706923514605,0.006455536466091871,3
126758,0.0013644706923514605,0.0050734286196529865,3
126759,0.0013644706923514605,0.012677964754402637,3
126760,0.0013644706923514605,0.0045728664845228195,3
126761,0.0013644706923514605,0.0042289262637495995,3
126762,0.0013644706923514605,0.0045452783815562725,3
126763,0.0013644706923514605,0.005070946644991636,3
126764,0.0013644706923514605,0.004806735552847385,3
126765,0.0013644706923514605,0.004565978888422251,3
126766,0.0013644706923514605,0.004482945892959833,3
126767,0.0013644706923514605,0.004656745586544275,3
126768,0.0013644706923514605,0.00442676292732358,3
126769,0.0013644706923514605,0.0048219901509583,3
126770,0.0013644706923514605,0.004536100663244724,3
126771,0.0013644706923514605,0.0033271238207817078,3
126772,0.0013644706923514605,0.0027046184986829758,3
126773,0.0013644706923514605,0.004013528116047382,3
126774,0.0013644706923514605,0.004326732829213142,3
126775,0.0013644706923514605,0.0036268688272684813,3
126776,0.0013644706923514605,0.0043967911042273045,3
126777,0.0013644706923514605,0.0035464067477732897,3
126778,0.0013644706923514605,0.0031434923876076937,3
126779,0.0013644706923514605,0.002516405191272497,3
126780,0.0013644706923514605,0.0028473485726863146,3
126781,0.0013644706923514605,0.002472920808941126,3
126782,0.0013644706923514605,0.003081269096583128,3
126783,0.0013644706923514605,0.0033852558117359877,3
126784,0.0013644706923514605,0.0031169301364570856,3
126785,0.0013644706923514605,0.0032188459299504757,3
126786,0.0013644706923514605,0.0026562281418591738,3
126787,0.0013644706923514605,0.0026841459330171347,3
126788,0.0013644706923514605,0.0022909322287887335,3
126789,0.0013644706923514605,0.003998585976660252,3
126790,0.0013644706923514605,0.0038048862479627132,3
126791,0.0013644706923514605,0.0033101108856499195,3
126792,0.0013644706923514605,0.005595431197434664,3
126793,0.0013644706923514605,0.007276201620697975,3
126794,0.0013644706923514605,0.006162114907056093,3
126795,0.0013644706923514605,0.004564514849334955,3
126796,0.0013644706923514605,0.004474974237382412,3
126797,0.0013644706923514605,0.004680902697145939,3
126798,0.0013644706923514605,0.0013840426690876484,3
126799,0.0013644706923514605,0.002478497102856636,3
126800,0.0013644706923514605,0.0031792938243597746,3
126801,0.0013644706923514605,0.0019831578247249126,3
126802,0.0013644706923514605,0.0022398321889340878,3
126803,0.0013644706923514605,0.002099519595503807,3
126804,0.0013644706923514605,0.002433634828776121,3
126805,0.0013644706923514605,0.002589418087154627,3
126806,0.0013644706923514605,0.002384571358561516,3
126807,0.0013644706923514605,0.002565458882600069,3
126808,0.0013644706923514605,0.0023555865045636892,3
126809,0.0013644706923514605,0.0016878708265721798,3
126810,0.0013644706923514605,0.0014187629567459226,3
126811,0.0013644706923514605,0.0013475960586220026,3
126812,0.0013644706923514605,0.0015502835158258677,3
126813,0.0013644706923514605,0.0012642272049561143,3
126814,0.0013644706923514605,0.002127234824001789,3
126815,0.0013644706923514605,0.0020541208796203136,3
126816,0.0013644706923514605,0.002068552654236555,3
126817,0.0013644706923514605,0.00215946976095438,3
126818,0.0013644706923514605,0.0017826181137934327,3
126819,0.0013644706923514605,0.001648245146498084,3
126820,0.0013644706923514605,0.001427122508175671,3
126821,0.0013644706923514605,0.0015205465024337173,3
126822,0.0013644706923514605,0.0015025963075459003,3
126823,0.0013644706923514605,0.0013503708178177476,3
126824,0.0013644706923514605,0.0021343999542295933,3
126825,0.0013644706923514605,0.003365031909197569,3
126826,0.0013644706923514605,0.0010893692960962653,3
126827,0.0013644706923514605,0.0023792353458702564,3
126828,0.0013644706923514605,0.004613933153450489,3
126829,0.0013644706923514605,0.003101193346083164,3
126830,0.0013644706923514605,0.010090349242091179,3
126831,0.0013644706923514605,0.005465346854180098,3
126832,0.0013644706923514605,0.014870214276015759,3
126833,0.0013644706923514605,0.008740002289414406,3
126834,0.0013644706923514605,0.016362756490707397,3
126835,0.0013644706923514605,0.004242328926920891,3
126836,0.0013644706923514605,0.004527789540588856,3
126837,0.0013644706923514605,0.004779641516506672,3
126838,0.0013644706923514605,0.004958439618349075,3
126839,0.0013644706923514605,0.004640460480004549,3
126840,0.0013644706923514605,0.003805858315899968,3
126841,0.0013644706923514605,0.0023475508205592632,3
126842,0.0013644706923514605,0.0037016733549535275,3
126843,0.0013644706923514605,0.002301023807376623,3
126844,0.0013644706923514605,0.0021784428972750902,3
126845,0.0013644706923514605,0.00230000214651227,3
126846,0.0013644706923514605,0.0026271177921444178,3
126847,0.0013644706923514605,0.0030227371025830507,3
126848,0.0013644706923514605,0.004446768667548895,3
126849,0.0013644706923514605,0.0046720304526388645,3
126850,0.0013644706923514605,0.005702958907932043,3
126851,0.0013644706923514605,0.005719088949263096,3
126852,0.0013644706923514605,0.004885358735918999,3
126853,0.0013644706923514605,0.004640431143343449,3
126854,0.0013644706923514605,0.00380629301071167,3
126855,0.0013644706923514605,0.003374238731339574,3
126856,0.0013644706923514605,0.0023515750654041767,3
126857,0.0013644706923514605,0.0019513900624588132,3
126858,0.0013644706923514605,0.0022271897178143263,3
126859,0.0013644706923514605,0.0030198139138519764,3
126860,0.0013644706923514605,0.0027099342551082373,3
126861,0.0013644706923514605,0.0021147746592760086,3
126862,0.0013644706923514605,0.0021065594628453255,3
126863,0.0013644706923514605,0.001817622920498252,3
126864,0.0013644706923514605,0.0015158629976212978,3
126865,0.0013644706923514605,0.0015273973112925887,3
126866,0.0013644706923514605,0.0015006947796791792,3
126867,0.0013644706923514605,0.0018609077669680119,3
126868,0.0013644706923514605,0.0016241996781900525,3
126869,0.0013644706923514605,0.0014719957252964377,3
126870,0.0013644706923514605,0.0012994569260627031,3
126871,0.0013644706923514605,0.0013041975907981396,3
126872,0.0013644706923514605,0.0012939571170136333,3
126873,0.0013644706923514605,0.0013128386344760656,3
126874,0.0013644706923514605,0.0013635152718052268,3
126875,0.0013644706923514605,0.0015033264644443989,3
126876,0.0013644706923514605,0.00180740503128618,3
126877,0.0013644706923514605,0.002681502141058445,3
126878,0.0013644706923514605,0.004056805279105902,3
126879,0.0013644706923514605,0.004059447906911373,3
126880,0.0013644706923514605,0.005784987006336451,3
126881,0.0013644706923514605,0.0061457459814846516,3
126882,0.0013644706923514605,0.00846374686807394,3
126883,0.0013644706923514605,0.009518027305603027,3
126884,0.0013644706923514605,0.010938726365566254,3
126885,0.0013644706923514605,0.007965845055878162,3
126886,0.0013644706923514605,0.009039515629410744,3
126887,0.0013644706923514605,0.008870434015989304,3
126888,0.0013644706923514605,0.007070346735417843,3
126889,0.0013644706923514605,0.005612134467810392,3
126890,0.0013644706923514605,0.0046026925556361675,3
126891,0.0013644706923514605,0.004532859660685062,3
126892,0.0013644706923514605,0.0073353503830730915,3
126893,0.0013644706923514605,0.0032214766833931208,3
126894,0.0013644706923514605,0.00557648716494441,3
126895,0.0013644706923514605,0.003688620636239648,3
126896,0.0013644706923514605,0.007375733461230993,3
126897,0.0013644706923514605,0.009772459045052528,3
126898,0.0013644706923514605,0.0023481613025069237,3
126899,0.0013644706923514605,0.0066673643887043,3
126900,0.0013644706923514605,0.015339003875851631,3
126901,0.0013644706923514605,0.0068439338356256485,3
126902,0.0013644706923514605,0.021357271820306778,3
126903,0.0013644706923514605,0.009644038043916225,3
126904,0.0013644706923514605,0.004548882599920034,3
126905,0.0013644706923514605,0.0019605038687586784,3
126906,0.0013644706923514605,0.000963117927312851,3
126907,0.0013644706923514605,0.0025957440957427025,3
126908,0.0013644706923514605,0.0019262701971456409,3
126909,0.0013644706923514605,0.006274193059653044,3
126910,0.0013644706923514605,0.0034822779707610607,3
126911,0.0013644706923514605,0.006838571280241013,3
126912,0.0013644706923514605,0.008767293766140938,3
126913,0.0013644706923514605,0.0054636383429169655,3
126914,0.0013644706923514605,0.0034088981337845325,3
126915,0.0013644706923514605,0.005143452435731888,3
126916,0.0013644706923514605,0.0078065344132483006,3
126917,0.0013644706923514605,0.016050394624471664,3
126918,0.0013644706923514605,0.004341066814959049,3
126919,0.0013644706923514605,0.008548879995942116,3
126920,0.0013644706923514605,0.009738420136272907,3
126921,0.0013644706923514605,0.009093831293284893,3
126922,0.0013644706923514605,0.00869646854698658,3
126923,0.0013644706923514605,0.010663704015314579,3
126924,0.0013644706923514605,0.005825541913509369,3
126925,0.0013644706923514605,0.02973748929798603,3
126926,0.0013644706923514605,0.00717638386413455,3
126927,0.0013644706923514605,0.018654342740774155,3
126928,0.0013644706923514605,0.008229071274399757,3
126929,0.0013644706923514605,0.011490931734442711,3
126930,0.0013644706923514605,0.008966448716819286,3
126931,0.0013644706923514605,0.010901194997131824,3
126932,0.0013644706923514605,0.02805902622640133,3
126933,0.0013644706923514605,0.01549793966114521,3
126934,0.0013644706923514605,0.008642204105854034,3
126935,0.0013644706923514605,0.01846824400126934,3
126936,0.0013644706923514605,0.008393536321818829,3
126937,0.0013644706923514605,0.008064468391239643,3
126938,0.0013644706923514605,0.006093968637287617,3
126939,0.0013644706923514605,0.003231094218790531,3
126940,0.0013644706923514605,0.0034987139515578747,3
126941,0.0013644706923514605,0.00303883315064013,3
126942,0.0013644706923514605,0.0030163810588419437,3
126943,0.0013644706923514605,0.003377387300133705,3
126944,0.0013644706923514605,0.003920530900359154,3
126945,0.0013644706923514605,0.0049569811671972275,3
126946,0.0013644706923514605,0.004169416148215532,3
126947,0.0013644706923514605,0.0033791731111705303,3
126948,0.0013644706923514605,0.0033535028342157602,3
126949,0.0013644706923514605,0.0031165648251771927,3
126950,0.0013644706923514605,0.0026473412290215492,3
126951,0.0013644706923514605,0.0019124065292999148,3
126952,0.0013644706923514605,0.0017453625332564116,3
126953,0.0013644706923514605,0.001478580292314291,3
126954,0.0013644706923514605,0.0015831288183107972,3
126955,0.0013644706923514605,0.001423307810910046,3
126956,0.0013644706923514605,0.001345943775959313,3
126957,0.0013644706923514605,0.0014643705217167735,3
126958,0.0013644706923514605,0.0016045483062043786,3
126959,0.0013644706923514605,0.001137346844188869,3
126960,0.0013644706923514605,0.0010582143440842628,3
126961,0.0013644706923514605,0.0010132713941857219,3
126962,0.0013644706923514605,0.0012974159326404333,3
126963,0.0013644706923514605,0.0014296767767518759,3
126964,0.0013644706923514605,0.0013931902358308434,3
126965,0.0013644706923514605,0.001521303434856236,3
126966,0.0013644706923514605,0.0016651538899168372,3
126967,0.0013644706923514605,0.0019358901772648096,3
126968,0.0013644706923514605,0.002084451261907816,3
126969,0.0013644706923514605,0.006861144211143255,3
126970,0.0013644706923514605,0.0025575347244739532,3
126971,0.0013644706923514605,0.007925162091851234,3
126972,0.0013644706923514605,0.015442830510437489,3
126973,0.0013644706923514605,0.004848025273531675,3
126974,0.0013644706923514605,0.005445533432066441,3
126975,0.0013644706923514605,0.01312950812280178,3
126976,0.0013644706923514605,0.0051606446504592896,3
126977,0.0013644706923514605,0.015486739575862885,3
126978,0.0013644706923514605,0.002287862589582801,3
126979,0.0013644706923514605,0.009409315884113312,3
126980,0.0013644706923514605,0.014889320358633995,3
126981,0.0013644706923514605,0.005108072888106108,3
126982,0.0013644706923514605,0.0156718697398901,3
126983,0.0013644706923514605,0.002710183849558234,3
126984,0.0013644706923514605,0.013651365414261818,3
126985,0.0013644706923514605,0.005888996180146933,3
126986,0.0013644706923514605,0.005970816593617201,3
126987,0.0013644706923514605,0.005157125648111105,3
126988,0.0013644706923514605,0.004593942780047655,3
126989,0.0013644706923514605,0.008449839428067207,3
126990,0.0013644706923514605,0.007511510048061609,3
126991,0.0013644706923514605,0.008074959740042686,3
126992,0.0013644706923514605,0.004623663146048784,3
126993,0.0013644706923514605,0.004314288962632418,3
126994,0.0013644706923514605,0.004842901136726141,3
126995,0.0013644706923514605,0.006405886262655258,3
126996,0.0013644706923514605,0.005574401933699846,3
126997,0.0013644706923514605,0.0059553952887654305,3
126998,0.0013644706923514605,0.0069052246399223804,3
126999,0.0013644706923514605,0.006903402041643858,3
127000,0.0013644706923514605,0.005597779061645269,3
127001,0.0013644706923514605,0.002589548472315073,3
127002,0.0013644706923514605,0.002908525289967656,3
127003,0.0013644706923514605,0.001964395632967353,3
127004,0.0013644706923514605,0.0020457059144973755,3
127005,0.0013644706923514605,0.0021840641275048256,3
127006,0.0013644706923514605,0.0022149516735225916,3
127007,0.0013644706923514605,0.0019862125627696514,3
127008,0.0013644706923514605,0.0016117836348712444,3
127009,0.0013644706923514605,0.0012076846323907375,3
127010,0.0013644706923514605,0.0012433045776560903,3
127011,0.0013644706923514605,0.0028522713109850883,3
127012,0.0013644706923514605,0.0034521191846579313,3
127013,0.0013644706923514605,0.001950895763002336,3
127014,0.0013644706923514605,0.0023505021817982197,3
127015,0.0013644706923514605,0.001688026008196175,3
127016,0.0013644706923514605,0.0014532654313370585,3
127017,0.0013644706923514605,0.0020867884159088135,3
127018,0.0013644706923514605,0.0013282491127029061,3
127019,0.0013644706923514605,0.002247115131467581,3
127020,0.0013644706923514605,0.001664642826654017,3
127021,0.0013644706923514605,0.0013448729878291488,3
127022,0.0013644706923514605,0.002230761107057333,3
127023,0.0013644706923514605,0.0017668994842097163,3
127024,0.0013644706923514605,0.001482468331232667,3
127025,0.0013644706923514605,0.002161069307476282,3
127026,0.0013644706923514605,0.002103258389979601,3
127027,0.0013644706923514605,0.0023083891719579697,3
127028,0.0013644706923514605,0.0031464584171772003,3
127029,0.0013644706923514605,0.004791332874447107,3
127030,0.0013644706923514605,0.0031308752950280905,3
127031,0.0013644706923514605,0.008032230660319328,3
127032,0.0013644706923514605,0.005437382031232119,3
127033,0.0013644706923514605,0.014740092679858208,3
127034,0.0013644706923514605,0.0032113997731357813,3
127035,0.0013644706923514605,0.0069854711182415485,3
127036,0.0013644706923514605,0.006368457805365324,3
127037,0.0013644706923514605,0.01501672063022852,3
127038,0.0013644706923514605,0.0035305421333760023,3
127039,0.0013644706923514605,0.003276222851127386,3
127040,0.0013644706923514605,0.0017259721644222736,3
127041,0.0013644706923514605,0.0030451607890427113,3
127042,0.0013644706923514605,0.0057045030407607555,3
127043,0.0013644706923514605,0.004472543951123953,3
127044,0.0013644706923514605,0.003585617057979107,3
127045,0.0013644706923514605,0.0030139468144625425,3
127046,0.0013644706923514605,0.0022928081452846527,3
127047,0.0013644706923514605,0.0025937622413039207,3
127048,0.0013644706923514605,0.003152300836518407,3
127049,0.0013644706923514605,0.0035278319846838713,3
127050,0.0013644706923514605,0.003607791382819414,3
127051,0.0013644706923514605,0.003698742715641856,3
127052,0.0013644706923514605,0.0032800985500216484,3
127053,0.0013644706923514605,0.003966948017477989,3
127054,0.0013644706923514605,0.005196396727114916,3
127055,0.0013644706923514605,0.005704662762582302,3
127056,0.0013644706923514605,0.005641559604555368,3
127057,0.0013644706923514605,0.009007705375552177,3
127058,0.0013644706923514605,0.008870488032698631,3
127059,0.0013644706923514605,0.006157870404422283,3
127060,0.0013644706923514605,0.01391748245805502,3
127061,0.0013644706923514605,0.017589714378118515,3
127062,0.0013644706923514605,0.010656839236617088,3
127063,0.0013644706923514605,0.006605887319892645,3
127064,0.0013644706923514605,0.002390492707490921,3
127065,0.0013644706923514605,0.0020023533143103123,3
127066,0.0013644706923514605,0.0014513724017888308,3
127067,0.0013644706923514605,0.0012099173618480563,3
127068,0.0013644706923514605,0.0012278537033125758,3
127069,0.0013644706923514605,0.0015774661442264915,3
127070,0.0013644706923514605,0.002591760829091072,3
127071,0.0013644706923514605,0.0035218445118516684,3
127072,0.0013644706923514605,0.004686496686190367,3
127073,0.0013644706923514605,0.006619240622967482,3
127074,0.0013644706923514605,0.0036813425831496716,3
127075,0.0013644706923514605,0.004030493088066578,3
127076,0.0013644706923514605,0.0030442147981375456,3
127077,0.0013644706923514605,0.002755985828116536,3
127078,0.0013644706923514605,0.0023394012823700905,3
127079,0.0013644706923514605,0.001834734808653593,3
127080,0.0013644706923514605,0.001573590561747551,3
127081,0.0013644706923514605,0.002025156980380416,3
127082,0.0013644706923514605,0.0032555009238421917,3
127083,0.0013644706923514605,0.008658602833747864,3
127084,0.0013644706923514605,0.006511136423796415,3
127085,0.0013644706923514605,0.001421761466190219,3
127086,0.0013644706923514605,0.014219457283616066,3
127087,0.0013644706923514605,0.0017000861698761582,3
127088,0.0013644706923514605,0.0014814402675256133,3
127089,0.0013644706923514605,0.002852426376193762,3
127090,0.0013644706923514605,0.01216872874647379,3
127091,0.0013644706923514605,0.002313161501660943,3
127092,0.0013644706923514605,0.003929805010557175,3
127093,0.0013644706923514605,0.0015458089765161276,3
127094,0.0013644706923514605,0.0033467444591224194,3
127095,0.0013644706923514605,0.0012627365067601204,3
127096,0.0013644706923514605,0.002068842528387904,3
127097,0.0013644706923514605,0.003141128458082676,3
127098,0.0013644706923514605,0.002498138463124633,3
127099,0.0013644706923514605,0.0037549445405602455,3
127100,0.0013644706923514605,0.020490737631917,3
127101,0.0013644706923514605,0.003940008580684662,3
127102,0.0013644706923514605,0.004195014480501413,3
127103,0.0013644706923514605,0.004786700010299683,3
127104,0.0013644706923514605,0.0036210420075803995,3
127105,0.0013644706923514605,0.002968444721773267,3
127106,0.0013644706923514605,0.0019430221291258931,3
127107,0.0013644706923514605,0.0019106322433799505,3
127108,0.0013644706923514605,0.002828543772920966,3
127109,0.0013644706923514605,0.004525329452008009,3
127110,0.0013644706923514605,0.0038733012042939663,3
127111,0.0013644706923514605,0.0038242607843130827,3
127112,0.0013644706923514605,0.004279761109501123,3
127113,0.0013644706923514605,0.0023268922232091427,3
127114,0.0013644706923514605,0.0016017542220652103,3
127115,0.0013644706923514605,0.002238617977127433,3
127116,0.0013644706923514605,0.0020473580807447433,3
127117,0.0013644706923514605,0.00179208570625633,3
127118,0.0013644706923514605,0.0013331600930541754,3
127119,0.0013644706923514605,0.001477935235016048,3
127120,0.0013644706923514605,0.0013176664942875504,3
127121,0.0013644706923514605,0.0016694373916834593,3
127122,0.0013644706923514605,0.0017014344921335578,3
127123,0.0013644706923514605,0.002201987197622657,3
127124,0.0013644706923514605,0.0008869312005117536,3
127125,0.0013644706923514605,0.000918476318474859,3
127126,0.0013644706923514605,0.0005953781655989587,3
127127,0.0013644706923514605,0.0006431238725781441,3
127128,0.0013644706923514605,0.0011969264596700668,3
127129,0.0013644706923514605,0.0016760629368945956,3
127130,0.0013644706923514605,0.003219020087271929,3
127131,0.0013644706923514605,0.00390633475035429,3
127132,0.0013644706923514605,0.007924927398562431,3
127133,0.0013644706923514605,0.002395796589553356,3
127134,0.0013644706923514605,0.006126733496785164,3
127135,0.0013644706923514605,0.005258585792034864,3
127136,0.0013644706923514605,0.004036931786686182,3
127137,0.0013644706923514605,0.003210787894204259,3
127138,0.0013644706923514605,0.002804343355819583,3
127139,0.0013644706923514605,0.001983251655474305,3
127140,0.0013644706923514605,0.0015610781265422702,3
127141,0.0013644706923514605,0.0010935565223917365,3
127142,0.0013644706923514605,0.0012994413264095783,3
127143,0.0013644706923514605,0.0016065918607637286,3
127144,0.0013644706923514605,0.0025028071831911802,3
127145,0.0013644706923514605,0.0023465699050575495,3
127146,0.0013644706923514605,0.001842093886807561,3
127147,0.0013644706923514605,0.0011357254115864635,3
127148,0.0013644706923514605,0.0009660248761065304,3
127149,0.0013644706923514605,0.0009814281947910786,3
127150,0.0013644706923514605,0.0010202850680798292,3
127151,0.0013644706923514605,0.000959225813858211,3
127152,0.0013644706923514605,0.0010281482245773077,3
127153,0.0013644706923514605,0.001153864897787571,3
127154,0.0013644706923514605,0.001166841946542263,3
127155,0.0013644706923514605,0.0010286690667271614,3
127156,0.0013644706923514605,0.0008761237259022892,3
127157,0.0013644706923514605,0.0008762773359194398,3
127158,0.0013644706923514605,0.0007944328244775534,3
127159,0.0013644706923514605,0.0008810781291685998,3
127160,0.0013644706923514605,0.0008768616826273501,3
127161,0.0013644706923514605,0.000759330578148365,3
127162,0.0013644706923514605,0.0006788601749576628,3
127163,0.0013644706923514605,0.0006441966397687793,3
127164,0.0013644706923514605,0.0005751935532316566,3
127165,0.0013644706923514605,0.0006202392396517098,3
127166,0.0013644706923514605,0.0007994059124030173,3
127167,0.0013644706923514605,0.0007880611228756607,3
127168,0.0013644706923514605,0.0007869680412113667,3
127169,0.0013644706923514605,0.0006752389599569142,3
127170,0.0013644706923514605,0.0007284983294084668,3
127171,0.0013644706923514605,0.0008726047817617655,3
127172,0.0013644706923514605,0.0007074577151797712,3
127173,0.0013644706923514605,0.0005525760934688151,3
127174,0.0013644706923514605,0.0005671252147294581,3
127175,0.0013644706923514605,0.0013597067445516586,3
127176,0.0013644706923514605,0.0010823990451171994,3
127177,0.0013644706923514605,0.0006027854396961629,3
127178,0.0013644706923514605,0.0005698470631614327,3
127179,0.0013644706923514605,0.0009287576540373266,3
127180,0.0013644706923514605,0.001985864946618676,3
127181,0.0013644706923514605,0.0018195795128121972,3
127182,0.0013644706923514605,0.0009597128955647349,3
127183,0.0013644706923514605,0.0008272647392004728,3
127184,0.0013644706923514605,0.0006519794696941972,3
127185,0.0013644706923514605,0.0006794858491048217,3
127186,0.0013644706923514605,0.0006576523883268237,3
127187,0.0013644706923514605,0.0006067579961381853,3
127188,0.0013644706923514605,0.0007002184865996242,3
127189,0.0013644706923514605,0.0010432885028421879,3
127190,0.0013644706923514605,0.0007928325794637203,3
127191,0.0013644706923514605,0.0009467412019148469,3
127192,0.0013644706923514605,0.0007940825307741761,3
127193,0.0013644706923514605,0.0006309346645139158,3
127194,0.0013644706923514605,0.0010502755176275969,3
127195,0.0013644706923514605,0.0005909076426178217,3
127196,0.0013644706923514605,0.0008384526008740067,3
127197,0.0013644706923514605,0.0033654472790658474,3
127198,0.0013644706923514605,0.0008931249030865729,3
127199,0.0013644706923514605,0.0016493116272613406,3
127200,0.0013644706923514605,0.001386307063512504,3
127201,0.0013644706923514605,0.002791520906612277,3
127202,0.0013644706923514605,0.0014758899342268705,3
127203,0.0013644706923514605,0.001018012873828411,3
127204,0.0013644706923514605,0.0014810371212661266,3
127205,0.0013644706923514605,0.01103290542960167,3
127206,0.0013644706923514605,0.0011089009931311011,3
127207,0.0013644706923514605,0.001433249213732779,3
127208,0.0013644706923514605,0.0008877770160324872,3
127209,0.0013644706923514605,0.0009899954311549664,3
127210,0.0013644706923514605,0.0005661304458044469,3
127211,0.0013644706923514605,0.0008135145762935281,3
127212,0.0013644706923514605,0.0012568831443786621,3
127213,0.0013644706923514605,0.0008135699317790568,3
127214,0.0013644706923514605,0.0006561812479048967,3
127215,0.0013644706923514605,0.0007392685511149466,3
127216,0.0013644706923514605,0.0009885565377771854,3
127217,0.0013644706923514605,0.0010537350317463279,3
127218,0.0013644706923514605,0.0011852674651890993,3
127219,0.0013644706923514605,0.0007874333532527089,3
127220,0.0013644706923514605,0.002008401323109865,3
127221,0.0013644706923514605,0.0009319360251538455,3
127222,0.0013644706923514605,0.0016579973744228482,3
127223,0.0013644706923514605,0.0015740968519821763,3
127224,0.0013644706923514605,0.001232879818417132,3
127225,0.0013644706923514605,0.0010720886057242751,3
127226,0.0013644706923514605,0.0012442347360774875,3
127227,0.0013644706923514605,0.0012068195501342416,3
127228,0.0013644706923514605,0.0013230718905106187,3
127229,0.0013644706923514605,0.001371141173876822,3
127230,0.0013644706923514605,0.00123574526514858,3
127231,0.0013644706923514605,0.0014680639142170548,3
127232,0.0013644706923514605,0.0015587137313559651,3
127233,0.0013644706923514605,0.0015622578794136643,3
127234,0.0013644706923514605,0.001558914897032082,3
127235,0.0013644706923514605,0.0015244720270857215,3
127236,0.0013644706923514605,0.0011451801983639598,3
127237,0.0013644706923514605,0.0009352150373160839,3
127238,0.0013644706923514605,0.0006852034712210298,3
127239,0.0013644706923514605,0.0006410471978597343,3
127240,0.0013644706923514605,0.0006553420098498464,3
127241,0.0013644706923514605,0.0007801096071489155,3
127242,0.0013644706923514605,0.0008942187414504588,3
127243,0.0013644706923514605,0.000764391734264791,3
127244,0.0013644706923514605,0.0005765258683823049,3
127245,0.0013644706923514605,0.000600663130171597,3
127246,0.0013644706923514605,0.0005663877818733454,3
127247,0.0013644706923514605,0.000657061580568552,3
127248,0.0013644706923514605,0.0006235099281184375,3
127249,0.0013644706923514605,0.000602941436227411,3
127250,0.0013644706923514605,0.0006152062560431659,3
127251,0.0013644706923514605,0.0006380420527420938,3
127252,0.0013644706923514605,0.000580877938773483,3
127253,0.0013644706923514605,0.0005407079006545246,3
127254,0.0013644706923514605,0.00047923356760293245,3
127255,0.0013644706923514605,0.000521716836374253,3
127256,0.0013644706923514605,0.0006814563530497253,3
127257,0.0013644706923514605,0.0008255630382336676,3
127258,0.0013644706923514605,0.0009373761713504791,3
127259,0.0013644706923514605,0.0012138924794271588,3
127260,0.0013644706923514605,0.0013310278300195932,3
127261,0.0013644706923514605,0.0015805007424205542,3
127262,0.0013644706923514605,0.0013284948654472828,3
127263,0.0013644706923514605,0.0010790085652843118,3
127264,0.0013644706923514605,0.0008894713246263564,3
127265,0.0013644706923514605,0.0007492791628465056,3
127266,0.0013644706923514605,0.0008550842758268118,3
127267,0.0013644706923514605,0.00968649797141552,3
127268,0.0013644706923514605,0.008397199213504791,3
127269,0.0013644706923514605,0.00722876749932766,3
127270,0.0013644706923514605,0.005084398668259382,3
127271,0.0013644706923514605,0.0038316724821925163,3
127272,0.0013644706923514605,0.003124763024970889,3
127273,0.0013644706923514605,0.0026767204981297255,3
127274,0.0013644706923514605,0.002895382698625326,3
127275,0.0013644706923514605,0.0031236051581799984,3
127276,0.0013644706923514605,0.002764269709587097,3
127277,0.0013644706923514605,0.0022714838851243258,3
127278,0.0013644706923514605,0.00352053577080369,3
127279,0.0013644706923514605,0.0036171344108879566,3
127280,0.0013644706923514605,0.003143324051052332,3
127281,0.0013644706923514605,0.002437408547848463,3
127282,0.0013644706923514605,0.002145955339074135,3
127283,0.0013644706923514605,0.003049655817449093,3
127284,0.0013644706923514605,0.003154020057991147,3
127285,0.0013644706923514605,0.0037681281100958586,3
127286,0.0013644706923514605,0.004116171505302191,3
127287,0.0013644706923514605,0.0036618285812437534,3
127288,0.0013644706923514605,0.001701856148429215,3
127289,0.0013644706923514605,0.0024039826821535826,3
127290,0.0013644706923514605,0.003484511049464345,3
127291,0.0013644706923514605,0.004586478229612112,3
127292,0.0013644706923514605,0.0033661974593997,3
127293,0.0013644706923514605,0.004413933958858252,3
127294,0.0013644706923514605,0.0032095315400511026,3
127295,0.0013644706923514605,0.0013339235447347164,3
127296,0.0013644706923514605,0.00331660988740623,3
127297,0.0013644706923514605,0.00676309410482645,3
127298,0.0013644706923514605,0.0015162607887759805,3
127299,0.0013644706923514605,0.0013472347054630518,3
127300,0.0013644706923514605,0.0006190810236148536,3
127301,0.0013644706923514605,0.0018443515291437507,3
127302,0.0013644706923514605,0.0017431178130209446,3
127303,0.0013644706923514605,0.005181821994483471,3
127304,0.0013644706923514605,0.015893729403614998,3
127305,0.0013644706923514605,0.13694098591804504,3
127306,0.0013644706923514605,0.13159720599651337,3
127307,0.0013644706923514605,0.1158774197101593,3
127308,0.0013644706923514605,0.10032132267951965,3
127309,0.0013644706923514605,0.08479546755552292,3
127310,0.0013644706923514605,0.06814862042665482,3
127311,0.0013644706923514605,0.05388787388801575,3
127312,0.0013644706923514605,0.04655492678284645,3
127313,0.0013644706923514605,0.04147845134139061,3
127314,0.0013644706923514605,0.033186085522174835,3
127315,0.0013644706923514605,0.027555523440241814,3
127316,0.0013644706923514605,0.026966163888573647,3
127317,0.0013644706923514605,0.025642922148108482,3
127318,0.0013644706923514605,0.025011569261550903,3
127319,0.0013644706923514605,0.025890501216053963,3
127320,0.0013644706923514605,0.025544581934809685,3
127321,0.0013644706923514605,0.023003986105322838,3
127322,0.0013644706923514605,0.02216636948287487,3
127323,0.0013644706923514605,0.02055073156952858,3
127324,0.0013644706923514605,0.018506018444895744,3
127325,0.0013644706923514605,0.019047684967517853,3
127326,0.0013644706923514605,0.02120552770793438,3
127327,0.0013644706923514605,0.024178793653845787,3
127328,0.0013644706923514605,0.025531813502311707,3
127329,0.0013644706923514605,0.02718207612633705,3
127330,0.0013644706923514605,0.02957294136285782,3
127331,0.0013644706923514605,0.029890000820159912,3
127332,0.0013644706923514605,0.027297690510749817,3
127333,0.0013644706923514605,0.02398735284805298,3
127334,0.0013644706923514605,0.021339524537324905,3
127335,0.0013644706923514605,0.018591616302728653,3
127336,0.0013644706923514605,0.016569597646594048,3
127337,0.0013644706923514605,0.01500391773879528,3
127338,0.0013644706923514605,0.013969247229397297,3
127339,0.0013644706923514605,0.013178111054003239,3
127340,0.0013644706923514605,0.01255200244486332,3
127341,0.0013644706923514605,0.012187885120511055,3
127342,0.0013644706923514605,0.01211402378976345,3
127343,0.0013644706923514605,0.01208967249840498,3
127344,0.0013644706923514605,0.012130583636462688,3
127345,0.0013644706923514605,0.012292415834963322,3
127346,0.0013644706923514605,0.012545626610517502,3
127347,0.0013644706923514605,0.014002321287989616,3
127348,0.0013644706923514605,0.008342680521309376,3
127349,0.0013644706923514605,0.019095048308372498,3
127350,0.0013644706923514605,0.005625972989946604,3
127351,0.0013644706923514605,0.015200795605778694,3
127352,0.0013644706923514605,0.004316875245422125,3
127353,0.0013644706923514605,0.004188816994428635,3
127354,0.0013644706923514605,0.004959225654602051,3
127355,0.0013644706923514605,0.008354367688298225,3
127356,0.0013644706923514605,0.01006479561328888,3
127357,0.0013644706923514605,0.0032012672163546085,3
127358,0.0013644706923514605,0.004340849816799164,3
127359,0.0013644706923514605,0.002803489798679948,3
127360,0.0013644706923514605,0.006756816525012255,3
127361,0.0013644706923514605,0.0031498775351792574,3
127362,0.0013644706923514605,0.02083582803606987,3
127363,0.0013644706923514605,0.0032529861200600863,3
127364,0.0013644706923514605,0.003613225417211652,3
127365,0.0013644706923514605,0.004988919943571091,3
127366,0.0013644706923514605,0.005355888046324253,3
127367,0.0013644706923514605,0.008265030570328236,3
127368,0.0013644706923514605,0.01253659836947918,3
127369,0.0013644706923514605,0.0015008477494120598,3
127370,0.0013644706923514605,0.0013320824364200234,3
127371,0.0013644706923514605,0.004927793517708778,3
127372,0.0013644706923514605,0.0028867744840681553,3
127373,0.0013644706923514605,0.0018691756995394826,3
127374,0.0013644706923514605,0.005876956507563591,3
127375,0.0013644706923514605,0.0019730255007743835,3
127376,0.0013644706923514605,0.0012733024777844548,3
127377,0.0013644706923514605,0.011335330083966255,3
127378,0.0013644706923514605,0.0010494780726730824,3
127379,0.0013644706923514605,0.0019150127191096544,3
127380,0.0013644706923514605,0.004323954693973064,3
127381,0.0013644706923514605,0.001610230072401464,3
127382,0.0013644706923514605,0.006036221981048584,3
127383,0.0013644706923514605,0.008010178804397583,3
127384,0.0013644706923514605,0.002507444703951478,3
127385,0.0013644706923514605,0.002504277741536498,3
127386,0.0013644706923514605,0.003509379690513015,3
127387,0.0013644706923514605,0.0029040109366178513,3
127388,0.0013644706923514605,0.003724323119968176,3
127389,0.0013644706923514605,0.0032639396376907825,3
127390,0.0013644706923514605,0.003224049462005496,3
127391,0.0013644706923514605,0.0036833607591688633,3
127392,0.0013644706923514605,0.002312920754775405,3
127393,0.0013644706923514605,0.0033253468573093414,3
127394,0.0013644706923514605,0.0016308685299009085,3
127395,0.0013644706923514605,0.0026774953585118055,3
127396,0.0013644706923514605,0.0019042609492316842,3
127397,0.0013644706923514605,0.0028871202375739813,3
127398,0.0013644706923514605,0.0029220092110335827,3
127399,0.0013644706923514605,0.003241257043555379,3
127400,0.0013644706923514605,0.003933803178369999,3
127401,0.0013644706923514605,0.0040066740475595,3
127402,0.0013644706923514605,0.004680067766457796,3
127403,0.0013644706923514605,0.006005208473652601,3
127404,0.0013644706923514605,0.008553186431527138,3
127405,0.0013644706923514605,0.012288898229598999,3
127406,0.0013644706923514605,0.008341980166733265,3
127407,0.0013644706923514605,0.009259806014597416,3
127408,0.0013644706923514605,0.0040710438042879105,3
127409,0.0013644706923514605,0.004705275874584913,3
127410,0.0013644706923514605,0.006611382123082876,3
127411,0.0013644706923514605,0.011402450501918793,3
127412,0.0013644706923514605,0.004214567597955465,3
127413,0.0013644706923514605,0.008283291012048721,3
127414,0.0013644706923514605,0.003327336860820651,3
127415,0.0013644706923514605,0.009163162671029568,3
127416,0.0013644706923514605,0.004016174003481865,3
127417,0.0013644706923514605,0.005725058726966381,3
127418,0.0013644706923514605,0.0036181462928652763,3
127419,0.0013644706923514605,0.003937011584639549,3
127420,0.0013644706923514605,0.002972616348415613,3
127421,0.0013644706923514605,0.002875481965020299,3
127422,0.0013644706923514605,0.003455309197306633,3
127423,0.0013644706923514605,0.005376661662012339,3
127424,0.0013644706923514605,0.0028356958646327257,3
127425,0.0013644706923514605,0.0034381384029984474,3
127426,0.0013644706923514605,0.02150699682533741,3
127427,0.0013644706923514605,0.00488203065469861,3
127428,0.0013644706923514605,0.005081073381006718,3
127429,0.0013644706923514605,0.011587830260396004,3
127430,0.0013644706923514605,0.008429192937910557,3
127431,0.0013644706923514605,0.005048863124102354,3
127432,0.0013644706923514605,0.02177250199019909,3
127433,0.0013644706923514605,0.007027071435004473,3
127434,0.0013644706923514605,0.002655697287991643,3
127435,0.0013644706923514605,0.00758209777995944,3
127436,0.0013644706923514605,0.029653115198016167,3
127437,0.0013644706923514605,0.005968215875327587,3
127438,0.0013644706923514605,0.012905212119221687,3
127439,0.0013644706923514605,0.00516562769189477,3
127440,0.0013644706923514605,0.005502224434167147,3
127441,0.0013644706923514605,0.008318603970110416,3
127442,0.0013644706923514605,0.011461334303021431,3
127443,0.0013644706923514605,0.005036430899053812,3
127444,0.0013644706923514605,0.0049849883653223515,3
127445,0.0013644706923514605,0.0057835387997329235,3
127446,0.0013644706923514605,0.007027642335742712,3
127447,0.0013644706923514605,0.013898538425564766,3
127448,0.0013644706923514605,0.006445434410125017,3
127449,0.0013644706923514605,0.008966373279690742,3
127450,0.0013644706923514605,0.03318800404667854,3
127451,0.0013644706923514605,0.008454947732388973,3
127452,0.0013644706923514605,0.02709013782441616,3
127453,0.0013644706923514605,0.01192746963351965,3
127454,0.0013644706923514605,0.012541355565190315,3
127455,0.0013644706923514605,0.013006052002310753,3
127456,0.0013644706923514605,0.013059642165899277,3
127457,0.0013644706923514605,0.012735407799482346,3
127458,0.0013644706923514605,0.04242437332868576,3
127459,0.0013644706923514605,0.026201430708169937,3
127460,0.0013644706923514605,0.01863064430654049,3
127461,0.0013644706923514605,0.013811900280416012,3
127462,0.0013644706923514605,0.009736485779285431,3
127463,0.0013644706923514605,0.01178694237023592,3
127464,0.0013644706923514605,0.008107608184218407,3
127465,0.0013644706923514605,0.009191691875457764,3
127466,0.0013644706923514605,0.007754226215183735,3
127467,0.0013644706923514605,0.007640225812792778,3
127468,0.0013644706923514605,0.00367665383964777,3
127469,0.0013644706923514605,0.0020374818705022335,3
127470,0.0013644706923514605,0.0031575742177665234,3
127471,0.0013644706923514605,0.001705580623820424,3
127472,0.0013644706923514605,0.001402053632773459,3
127473,0.0013644706923514605,0.0011853077448904514,3
127474,0.0013644706923514605,0.0011133564403280616,3
127475,0.0013644706923514605,0.0012351351324468851,3
127476,0.0013644706923514605,0.0013767509954050183,3
127477,0.0013644706923514605,0.001556570641696453,3
127478,0.0013644706923514605,0.001458972692489624,3
127479,0.0013644706923514605,0.0021493833046406507,3
127480,0.0013644706923514605,0.0028843998443335295,3
127481,0.0013644706923514605,0.0021249703131616116,3
127482,0.0013644706923514605,0.0023266172502189875,3
127483,0.0013644706923514605,0.023874562233686447,3
127484,0.0013644706923514605,0.0009784084977582097,3
127485,0.0013644706923514605,0.0010750481160357594,3
127486,0.0013644706923514605,0.001052916282787919,3
127487,0.0013644706923514605,0.0021859128028154373,3
127488,0.0013644706923514605,0.003569529391825199,3
127489,0.0013644706923514605,0.005208286922425032,3
127490,0.0013644706923514605,0.0046962252818048,3
127491,0.0013644706923514605,0.004172137472778559,3
127492,0.0013644706923514605,0.0011763698421418667,3
127493,0.0013644706923514605,0.0008591509540565312,3
127494,0.0013644706923514605,0.0025086398236453533,3
127495,0.0013644706923514605,0.004206378012895584,3
127496,0.0013644706923514605,0.003802219172939658,3
127497,0.0013644706923514605,0.003781302599236369,3
127498,0.0013644706923514605,0.00797696877270937,3
127499,0.0013644706923514605,0.005450966767966747,3
127500,0.0013644706923514605,0.0037549445405602455,3
127501,0.0013644706923514605,0.020490737631917,3
127502,0.0013644706923514605,0.004472533240914345,3
127503,0.0013644706923514605,0.0052154106087982655,3
127504,0.0013644706923514605,0.007638002745807171,3
127505,0.0013644706923514605,0.008243635296821594,3
127506,0.0013644706923514605,0.015621744096279144,3
127507,0.0013644706923514605,0.010965452529489994,3
127508,0.0013644706923514605,0.006805806886404753,3
127509,0.0013644706923514605,0.00466196658089757,3
127510,0.0013644706923514605,0.0042962380684912205,3
127511,0.0013644706923514605,0.005235363729298115,3
127512,0.0013644706923514605,0.005642369855195284,3
127513,0.0013644706923514605,0.0057481625117361546,3
127514,0.0013644706923514605,0.0042664180509746075,3
127515,0.0013644706923514605,0.004029756411910057,3
127516,0.0013644706923514605,0.00522914994508028,3
127517,0.0013644706923514605,0.0038153468631207943,3
127518,0.0013644706923514605,0.004459290765225887,3
127519,0.0013644706923514605,0.003946990240365267,3
127520,0.0013644706923514605,0.010664227418601513,3
127521,0.0013644706923514605,0.00825593899935484,3
127522,0.0013644706923514605,0.0063017080537974834,3
127523,0.0013644706923514605,0.004357814788818359,3
127524,0.0013644706923514605,0.004209965467453003,3
127525,0.0013644706923514605,0.0036266439128667116,3
127526,0.0013644706923514605,0.0029023585375398397,3
127527,0.0013644706923514605,0.00288653583265841,3
127528,0.0013644706923514605,0.003591112093999982,3
127529,0.0013644706923514605,0.0029659545980393887,3
127530,0.0013644706923514605,0.0025622027460485697,3
127531,0.0013644706923514605,0.003298718249425292,3
127532,0.0013644706923514605,0.0036724151577800512,3
127533,0.0013644706923514605,0.003962320741266012,3
127534,0.0013644706923514605,0.004402289632707834,3
127535,0.0013644706923514605,0.005595804657787085,3
127536,0.0013644706923514605,0.004885237198323011,3
127537,0.0013644706923514605,0.002342159627005458,3
127538,0.0013644706923514605,0.0014841285301372409,3
127539,0.0013644706923514605,0.0010909584816545248,3
127540,0.0013644706923514605,0.0012525639031082392,3
127541,0.0013644706923514605,0.00130290852393955,3
127542,0.0013644706923514605,0.0012361840344965458,3
127543,0.0013644706923514605,0.0011928225867450237,3
127544,0.0013644706923514605,0.0010803532786667347,3
127545,0.0013644706923514605,0.0011733433930203319,3
127546,0.0013644706923514605,0.0012053324608132243,3
127547,0.0013644706923514605,0.0010194913484156132,3
127548,0.0013644706923514605,0.0011755815939977765,3
127549,0.0013644706923514605,0.0011959276162087917,3
127550,0.0013644706923514605,0.0011344131780788302,3
127551,0.0013644706923514605,0.0010991975432261825,3
127552,0.0013644706923514605,0.0011120638810098171,3
127553,0.0013644706923514605,0.00112522195558995,3
127554,0.0013644706923514605,0.0015376119408756495,3
127555,0.0013644706923514605,0.0013915430754423141,3
127556,0.0013644706923514605,0.0016279419651255012,3
127557,0.0013644706923514605,0.0013482257490977645,3
127558,0.0013644706923514605,0.0014433037722483277,3
127559,0.0013644706923514605,0.0016087385592982173,3
127560,0.0013644706923514605,0.00161364593077451,3
127561,0.0013644706923514605,0.001856995397247374,3
127562,0.0013644706923514605,0.0020914606284350157,3
127563,0.0013644706923514605,0.0023709884844720364,3
127564,0.0013644706923514605,0.002417813055217266,3
127565,0.0013644706923514605,0.0025876429863274097,3
127566,0.0013644706923514605,0.00214454997330904,3
127567,0.0013644706923514605,0.001484200358390808,3
127568,0.0013644706923514605,0.0029234245885163546,3
127569,0.0013644706923514605,0.005073979496955872,3
127570,0.0013644706923514605,0.003105691634118557,3
127571,0.0013644706923514605,0.0032012967858463526,3
127572,0.0013644706923514605,0.002972864545881748,3
127573,0.0013644706923514605,0.0024460102431476116,3
127574,0.0013644706923514605,0.0027670252602547407,3
127575,0.0013644706923514605,0.0020824854727834463,3
127576,0.0013644706923514605,0.002687550149857998,3
127577,0.0013644706923514605,0.0019586205016821623,3
127578,0.0013644706923514605,0.006577343214303255,3
127579,0.0013644706923514605,0.03219657018780708,3
127580,0.0013644706923514605,0.0036965019535273314,3
127581,0.0013644706923514605,0.018930980935692787,3
127582,0.0013644706923514605,0.006455536466091871,3
127583,0.0013644706923514605,0.0050734286196529865,3
127584,0.0013644706923514605,0.012677964754402637,3
127585,0.0013644706923514605,0.0045728664845228195,3
127586,0.0013644706923514605,0.0042289262637495995,3
127587,0.0013644706923514605,0.0045452783815562725,3
127588,0.0013644706923514605,0.005070946644991636,3
127589,0.0013644706923514605,0.004806735552847385,3
127590,0.0013644706923514605,0.004565978888422251,3
127591,0.0013644706923514605,0.004482945892959833,3
127592,0.0013644706923514605,0.004656745586544275,3
127593,0.0013644706923514605,0.00442676292732358,3
127594,0.0013644706923514605,0.0048219901509583,3
127595,0.0013644706923514605,0.004536100663244724,3
127596,0.0013644706923514605,0.0033271238207817078,3
127597,0.0013644706923514605,0.0027046184986829758,3
127598,0.0013644706923514605,0.004013528116047382,3
127599,0.0013644706923514605,0.004326732829213142,3
127600,0.0013644706923514605,0.0036268688272684813,3
127601,0.0013644706923514605,0.0043967911042273045,3
127602,0.0013644706923514605,0.0035464067477732897,3
127603,0.0013644706923514605,0.0031434923876076937,3
127604,0.0013644706923514605,0.002516405191272497,3
127605,0.0013644706923514605,0.0028473485726863146,3
127606,0.0013644706923514605,0.002472920808941126,3
127607,0.0013644706923514605,0.003081269096583128,3
127608,0.0013644706923514605,0.0033852558117359877,3
127609,0.0013644706923514605,0.0031169301364570856,3
127610,0.0013644706923514605,0.0032188459299504757,3
127611,0.0013644706923514605,0.0026562281418591738,3
127612,0.0013644706923514605,0.0026841459330171347,3
127613,0.0013644706923514605,0.0022909322287887335,3
127614,0.0013644706923514605,0.003998585976660252,3
127615,0.0013644706923514605,0.0038048862479627132,3
127616,0.0013644706923514605,0.0033101108856499195,3
127617,0.0013644706923514605,0.005595431197434664,3
127618,0.0013644706923514605,0.007276201620697975,3
127619,0.0013644706923514605,0.006162114907056093,3
127620,0.0013644706923514605,0.004564514849334955,3
127621,0.0013644706923514605,0.004474974237382412,3
127622,0.0013644706923514605,0.004680902697145939,3
127623,0.0013644706923514605,0.0013840426690876484,3
127624,0.0013644706923514605,0.002478497102856636,3
127625,0.0013644706923514605,0.0031792938243597746,3
127626,0.0013644706923514605,0.0019831578247249126,3
127627,0.0013644706923514605,0.0022398321889340878,3
127628,0.0013644706923514605,0.002099519595503807,3
127629,0.0013644706923514605,0.002433634828776121,3
127630,0.0013644706923514605,0.002589418087154627,3
127631,0.0013644706923514605,0.002384571358561516,3
127632,0.0013644706923514605,0.002565458882600069,3
127633,0.0013644706923514605,0.0023555865045636892,3
127634,0.0013644706923514605,0.0016878708265721798,3
127635,0.0013644706923514605,0.0014187629567459226,3
127636,0.0013644706923514605,0.0013475960586220026,3
127637,0.0013644706923514605,0.0015502835158258677,3
127638,0.0013644706923514605,0.0012642272049561143,3
127639,0.0013644706923514605,0.002127234824001789,3
127640,0.0013644706923514605,0.0020541208796203136,3
127641,0.0013644706923514605,0.002068552654236555,3
127642,0.0013644706923514605,0.00215946976095438,3
127643,0.0013644706923514605,0.0017826181137934327,3
127644,0.0013644706923514605,0.001648245146498084,3
127645,0.0013644706923514605,0.001427122508175671,3
127646,0.0013644706923514605,0.0015205465024337173,3
127647,0.0013644706923514605,0.0015025963075459003,3
127648,0.0013644706923514605,0.0013503708178177476,3
127649,0.0013644706923514605,0.0021343999542295933,3
127650,0.0013644706923514605,0.003365031909197569,3
127651,0.0013644706923514605,0.0010893692960962653,3
127652,0.0013644706923514605,0.0023792353458702564,3
127653,0.0013644706923514605,0.004613933153450489,3
127654,0.0013644706923514605,0.003101193346083164,3
127655,0.0013644706923514605,0.010090349242091179,3
127656,0.0013644706923514605,0.005465346854180098,3
127657,0.0013644706923514605,0.014870214276015759,3
127658,0.0013644706923514605,0.008740002289414406,3
127659,0.0013644706923514605,0.016362756490707397,3
127660,0.0013644706923514605,0.004242328926920891,3
127661,0.0013644706923514605,0.004527789540588856,3
127662,0.0013644706923514605,0.004779641516506672,3
127663,0.0013644706923514605,0.004958439618349075,3
127664,0.0013644706923514605,0.004640460480004549,3
127665,0.0013644706923514605,0.003805858315899968,3
127666,0.0013644706923514605,0.0023475508205592632,3
127667,0.0013644706923514605,0.0037016733549535275,3
127668,0.0013644706923514605,0.002301023807376623,3
127669,0.0013644706923514605,0.0021784428972750902,3
127670,0.0013644706923514605,0.00230000214651227,3
127671,0.0013644706923514605,0.0026271177921444178,3
127672,0.0013644706923514605,0.0030227371025830507,3
127673,0.0013644706923514605,0.004446768667548895,3
127674,0.0013644706923514605,0.0046720304526388645,3
127675,0.0013644706923514605,0.005702958907932043,3
127676,0.0013644706923514605,0.005719088949263096,3
127677,0.0013644706923514605,0.004885358735918999,3
127678,0.0013644706923514605,0.004640431143343449,3
127679,0.0013644706923514605,0.00380629301071167,3
127680,0.0013644706923514605,0.003374238731339574,3
127681,0.0013644706923514605,0.0023515750654041767,3
127682,0.0013644706923514605,0.0019513900624588132,3
127683,0.0013644706923514605,0.0022271897178143263,3
127684,0.0013644706923514605,0.0030198139138519764,3
127685,0.0013644706923514605,0.0027099342551082373,3
127686,0.0013644706923514605,0.0021147746592760086,3
127687,0.0013644706923514605,0.0021065594628453255,3
127688,0.0013644706923514605,0.001817622920498252,3
127689,0.0013644706923514605,0.0015158629976212978,3
127690,0.0013644706923514605,0.0015273973112925887,3
127691,0.0013644706923514605,0.0015006947796791792,3
127692,0.0013644706923514605,0.0018609077669680119,3
127693,0.0013644706923514605,0.0016241996781900525,3
127694,0.0013644706923514605,0.0014719957252964377,3
127695,0.0013644706923514605,0.0012994569260627031,3
127696,0.0013644706923514605,0.0013041975907981396,3
127697,0.0013644706923514605,0.0012939571170136333,3
127698,0.0013644706923514605,0.0013128386344760656,3
127699,0.0013644706923514605,0.0013635152718052268,3
127700,0.0013644706923514605,0.0015033264644443989,3
127701,0.0013644706923514605,0.00180740503128618,3
127702,0.0013644706923514605,0.002681502141058445,3
127703,0.0013644706923514605,0.004056805279105902,3
127704,0.0013644706923514605,0.004059447906911373,3
127705,0.0013644706923514605,0.005784987006336451,3
127706,0.0013644706923514605,0.0061457459814846516,3
127707,0.0013644706923514605,0.00846374686807394,3
127708,0.0013644706923514605,0.009518027305603027,3
127709,0.0013644706923514605,0.010938726365566254,3
127710,0.0013644706923514605,0.007965845055878162,3
127711,0.0013644706923514605,0.009039515629410744,3
127712,0.0013644706923514605,0.008870434015989304,3
127713,0.0013644706923514605,0.007070346735417843,3
127714,0.0013644706923514605,0.005612134467810392,3
127715,0.0013644706923514605,0.0046026925556361675,3
127716,0.0013644706923514605,0.004532859660685062,3
127717,0.0013644706923514605,0.0073353503830730915,3
127718,0.0013644706923514605,0.0032214766833931208,3
127719,0.0013644706923514605,0.00557648716494441,3
127720,0.0013644706923514605,0.003688620636239648,3
127721,0.0013644706923514605,0.007375733461230993,3
127722,0.0013644706923514605,0.009772459045052528,3
127723,0.0013644706923514605,0.0023481613025069237,3
127724,0.0013644706923514605,0.0066673643887043,3
127725,0.0013644706923514605,0.015339003875851631,3
127726,0.0013644706923514605,0.0068439338356256485,3
127727,0.0013644706923514605,0.021357271820306778,3
127728,0.0013644706923514605,0.009644038043916225,3
127729,0.0013644706923514605,0.004548882599920034,3
127730,0.0013644706923514605,0.0019605038687586784,3
127731,0.0013644706923514605,0.000963117927312851,3
127732,0.0013644706923514605,0.0025957440957427025,3
127733,0.0013644706923514605,0.0019262701971456409,3
127734,0.0013644706923514605,0.006274193059653044,3
127735,0.0013644706923514605,0.0034822779707610607,3
127736,0.0013644706923514605,0.006838571280241013,3
127737,0.0013644706923514605,0.008767293766140938,3
127738,0.0013644706923514605,0.0054636383429169655,3
127739,0.0013644706923514605,0.0034088981337845325,3
127740,0.0013644706923514605,0.005143452435731888,3
127741,0.0013644706923514605,0.0078065344132483006,3
127742,0.0013644706923514605,0.016050394624471664,3
127743,0.0013644706923514605,0.004341066814959049,3
127744,0.0013644706923514605,0.008548879995942116,3
127745,0.0013644706923514605,0.009738420136272907,3
127746,0.0013644706923514605,0.009093831293284893,3
127747,0.0013644706923514605,0.00869646854698658,3
127748,0.0013644706923514605,0.010663704015314579,3
127749,0.0013644706923514605,0.005825541913509369,3
127750,0.0013644706923514605,0.02973748929798603,3
127751,0.0013644706923514605,0.00717638386413455,3
127752,0.0013644706923514605,0.018654342740774155,3
127753,0.0013644706923514605,0.008229071274399757,3
127754,0.0013644706923514605,0.011490931734442711,3
127755,0.0013644706923514605,0.008966448716819286,3
127756,0.0013644706923514605,0.010901194997131824,3
127757,0.0013644706923514605,0.02805902622640133,3
127758,0.0013644706923514605,0.01549793966114521,3
127759,0.0013644706923514605,0.008642204105854034,3
127760,0.0013644706923514605,0.01846824400126934,3
127761,0.0013644706923514605,0.008393536321818829,3
127762,0.0013644706923514605,0.008064468391239643,3
127763,0.0013644706923514605,0.006093968637287617,3
127764,0.0013644706923514605,0.003231094218790531,3
127765,0.0013644706923514605,0.0034987139515578747,3
127766,0.0013644706923514605,0.00303883315064013,3
127767,0.0013644706923514605,0.0030163810588419437,3
127768,0.0013644706923514605,0.003377387300133705,3
127769,0.0013644706923514605,0.003920530900359154,3
127770,0.0013644706923514605,0.0049569811671972275,3
127771,0.0013644706923514605,0.004169416148215532,3
127772,0.0013644706923514605,0.0033791731111705303,3
127773,0.0013644706923514605,0.0033535028342157602,3
127774,0.0013644706923514605,0.0031165648251771927,3
127775,0.0013644706923514605,0.0026473412290215492,3
127776,0.0013644706923514605,0.0019124065292999148,3
127777,0.0013644706923514605,0.0017453625332564116,3
127778,0.0013644706923514605,0.001478580292314291,3
127779,0.0013644706923514605,0.0015831288183107972,3
127780,0.0013644706923514605,0.001423307810910046,3
127781,0.0013644706923514605,0.001345943775959313,3
127782,0.0013644706923514605,0.0014643705217167735,3
127783,0.0013644706923514605,0.0016045483062043786,3
127784,0.0013644706923514605,0.001137346844188869,3
127785,0.0013644706923514605,0.0010582143440842628,3
127786,0.0013644706923514605,0.0010132713941857219,3
127787,0.0013644706923514605,0.0012974159326404333,3
127788,0.0013644706923514605,0.0014296767767518759,3
127789,0.0013644706923514605,0.0013931902358308434,3
127790,0.0013644706923514605,0.001521303434856236,3
127791,0.0013644706923514605,0.0016651538899168372,3
127792,0.0013644706923514605,0.0019358901772648096,3
127793,0.0013644706923514605,0.002084451261907816,3
127794,0.0013644706923514605,0.006861144211143255,3
127795,0.0013644706923514605,0.0025575347244739532,3
127796,0.0013644706923514605,0.007925162091851234,3
127797,0.0013644706923514605,0.015442830510437489,3
127798,0.0013644706923514605,0.004848025273531675,3
127799,0.0013644706923514605,0.005445533432066441,3
127800,0.0013644706923514605,0.01312950812280178,3
127801,0.0013644706923514605,0.0051606446504592896,3
127802,0.0013644706923514605,0.015486739575862885,3
127803,0.0013644706923514605,0.002287862589582801,3
127804,0.0013644706923514605,0.009409315884113312,3
127805,0.0013644706923514605,0.014889320358633995,3
127806,0.0013644706923514605,0.005108072888106108,3
127807,0.0013644706923514605,0.0156718697398901,3
127808,0.0013644706923514605,0.002710183849558234,3
127809,0.0013644706923514605,0.013651365414261818,3
127810,0.0013644706923514605,0.005888996180146933,3
127811,0.0013644706923514605,0.005970816593617201,3
127812,0.0013644706923514605,0.005157125648111105,3
127813,0.0013644706923514605,0.004593942780047655,3
127814,0.0013644706923514605,0.008449839428067207,3
127815,0.0013644706923514605,0.007511510048061609,3
127816,0.0013644706923514605,0.008074959740042686,3
127817,0.0013644706923514605,0.004623663146048784,3
127818,0.0013644706923514605,0.004314288962632418,3
127819,0.0013644706923514605,0.004842901136726141,3
127820,0.0013644706923514605,0.006405886262655258,3
127821,0.0013644706923514605,0.005574401933699846,3
127822,0.0013644706923514605,0.0059553952887654305,3
127823,0.0013644706923514605,0.0069052246399223804,3
127824,0.0013644706923514605,0.006903402041643858,3
127825,0.0013644706923514605,0.005597779061645269,3
127826,0.0013644706923514605,0.002589548472315073,3
127827,0.0013644706923514605,0.002908525289967656,3
127828,0.0013644706923514605,0.001964395632967353,3
127829,0.0013644706923514605,0.0020457059144973755,3
127830,0.0013644706923514605,0.0021840641275048256,3
127831,0.0013644706923514605,0.0022149516735225916,3
127832,0.0013644706923514605,0.0019862125627696514,3
127833,0.0013644706923514605,0.0016117836348712444,3
127834,0.0013644706923514605,0.0012076846323907375,3
127835,0.0013644706923514605,0.0012433045776560903,3
127836,0.0013644706923514605,0.0028522713109850883,3
127837,0.0013644706923514605,0.0034521191846579313,3
127838,0.0013644706923514605,0.001950895763002336,3
127839,0.0013644706923514605,0.0023505021817982197,3
127840,0.0013644706923514605,0.001688026008196175,3
127841,0.0013644706923514605,0.0014532654313370585,3
127842,0.0013644706923514605,0.0020867884159088135,3
127843,0.0013644706923514605,0.0013282491127029061,3
127844,0.0013644706923514605,0.002247115131467581,3
127845,0.0013644706923514605,0.001664642826654017,3
127846,0.0013644706923514605,0.0013448729878291488,3
127847,0.0013644706923514605,0.002230761107057333,3
127848,0.0013644706923514605,0.0017668994842097163,3
127849,0.0013644706923514605,0.001482468331232667,3
127850,0.0013644706923514605,0.002161069307476282,3
127851,0.0013644706923514605,0.002103258389979601,3
127852,0.0013644706923514605,0.0023083891719579697,3
127853,0.0013644706923514605,0.0031464584171772003,3
127854,0.0013644706923514605,0.004791332874447107,3
127855,0.0013644706923514605,0.0031308752950280905,3
127856,0.0013644706923514605,0.008032230660319328,3
127857,0.0013644706923514605,0.005437382031232119,3
127858,0.0013644706923514605,0.014740092679858208,3
127859,0.0013644706923514605,0.0032113997731357813,3
127860,0.0013644706923514605,0.0069854711182415485,3
127861,0.0013644706923514605,0.006368457805365324,3
127862,0.0013644706923514605,0.01501672063022852,3
127863,0.0013644706923514605,0.0035305421333760023,3
127864,0.0013644706923514605,0.003276222851127386,3
127865,0.0013644706923514605,0.0017259721644222736,3
127866,0.0013644706923514605,0.0030451607890427113,3
127867,0.0013644706923514605,0.0057045030407607555,3
127868,0.0013644706923514605,0.004472543951123953,3
127869,0.0013644706923514605,0.003585617057979107,3
127870,0.0013644706923514605,0.0030139468144625425,3
127871,0.0013644706923514605,0.0022928081452846527,3
127872,0.0013644706923514605,0.0025937622413039207,3
127873,0.0013644706923514605,0.003152300836518407,3
127874,0.0013644706923514605,0.0035278319846838713,3
127875,0.0013644706923514605,0.003607791382819414,3
127876,0.0013644706923514605,0.003698742715641856,3
127877,0.0013644706923514605,0.0032800985500216484,3
127878,0.0013644706923514605,0.003966948017477989,3
127879,0.0013644706923514605,0.005196396727114916,3
127880,0.0013644706923514605,0.005704662762582302,3
127881,0.0013644706923514605,0.005641559604555368,3
127882,0.0013644706923514605,0.009007705375552177,3
127883,0.0013644706923514605,0.008870488032698631,3
127884,0.0013644706923514605,0.006157870404422283,3
127885,0.0013644706923514605,0.01391748245805502,3
127886,0.0013644706923514605,0.017589714378118515,3
127887,0.0013644706923514605,0.010656839236617088,3
127888,0.0013644706923514605,0.006605887319892645,3
127889,0.0013644706923514605,0.002390492707490921,3
127890,0.0013644706923514605,0.0020023533143103123,3
127891,0.0013644706923514605,0.0014513724017888308,3
127892,0.0013644706923514605,0.0012099173618480563,3
127893,0.0013644706923514605,0.0012278537033125758,3
127894,0.0013644706923514605,0.0015774661442264915,3
127895,0.0013644706923514605,0.002591760829091072,3
127896,0.0013644706923514605,0.0035218445118516684,3
127897,0.0013644706923514605,0.004686496686190367,3
127898,0.0013644706923514605,0.006619240622967482,3
127899,0.0013644706923514605,0.0036813425831496716,3
127900,0.0013644706923514605,0.004030493088066578,3
127901,0.0013644706923514605,0.0030442147981375456,3
127902,0.0013644706923514605,0.002755985828116536,3
127903,0.0013644706923514605,0.0023394012823700905,3
127904,0.0013644706923514605,0.001834734808653593,3
127905,0.0013644706923514605,0.001573590561747551,3
127906,0.0013644706923514605,0.002025156980380416,3
127907,0.0013644706923514605,0.0032555009238421917,3
127908,0.0013644706923514605,0.008658602833747864,3
127909,0.0013644706923514605,0.006511136423796415,3
127910,0.0013644706923514605,0.001421761466190219,3
127911,0.0013644706923514605,0.014219457283616066,3
127912,0.0013644706923514605,0.0017000861698761582,3
127913,0.0013644706923514605,0.0014814402675256133,3
127914,0.0013644706923514605,0.002852426376193762,3
127915,0.0013644706923514605,0.01216872874647379,3
127916,0.0013644706923514605,0.002313161501660943,3
127917,0.0013644706923514605,0.003929805010557175,3
127918,0.0013644706923514605,0.0015458089765161276,3
127919,0.0013644706923514605,0.0033467444591224194,3
127920,0.0013644706923514605,0.0012627365067601204,3
127921,0.0013644706923514605,0.002068842528387904,3
127922,0.0013644706923514605,0.003141128458082676,3
127923,0.0013644706923514605,0.002498138463124633,3
127924,0.0013644706923514605,0.0037549445405602455,3
127925,0.0013644706923514605,0.020490737631917,3
127926,0.0013644706923514605,0.003940008580684662,3
127927,0.0013644706923514605,0.004195014480501413,3
127928,0.0013644706923514605,0.004786700010299683,3
127929,0.0013644706923514605,0.0036210420075803995,3
127930,0.0013644706923514605,0.002968444721773267,3
127931,0.0013644706923514605,0.0019430221291258931,3
127932,0.0013644706923514605,0.0019106322433799505,3
127933,0.0013644706923514605,0.002828543772920966,3
127934,0.0013644706923514605,0.004525329452008009,3
127935,0.0013644706923514605,0.0038733012042939663,3
127936,0.0013644706923514605,0.0038242607843130827,3
127937,0.0013644706923514605,0.004279761109501123,3
127938,0.0013644706923514605,0.0023268922232091427,3
127939,0.0013644706923514605,0.0016017542220652103,3
127940,0.0013644706923514605,0.002238617977127433,3
127941,0.0013644706923514605,0.0020473580807447433,3
127942,0.0013644706923514605,0.00179208570625633,3
127943,0.0013644706923514605,0.0013331600930541754,3
127944,0.0013644706923514605,0.001477935235016048,3
127945,0.0013644706923514605,0.0013176664942875504,3
127946,0.0013644706923514605,0.0016694373916834593,3
127947,0.0013644706923514605,0.0017014344921335578,3
127948,0.0013644706923514605,0.002201987197622657,3
127949,0.0013644706923514605,0.0008869312005117536,3
127950,0.0013644706923514605,0.000918476318474859,3
127951,0.0013644706923514605,0.0005953781655989587,3
127952,0.0013644706923514605,0.0006431238725781441,3
127953,0.0013644706923514605,0.0011969264596700668,3
127954,0.0013644706923514605,0.0016760629368945956,3
127955,0.0013644706923514605,0.003219020087271929,3
127956,0.0013644706923514605,0.00390633475035429,3
127957,0.0013644706923514605,0.007924927398562431,3
127958,0.0013644706923514605,0.002395796589553356,3
127959,0.0013644706923514605,0.006126733496785164,3
127960,0.0013644706923514605,0.005258585792034864,3
127961,0.0013644706923514605,0.004036931786686182,3
127962,0.0013644706923514605,0.003210787894204259,3
127963,0.0013644706923514605,0.002804343355819583,3
127964,0.0013644706923514605,0.001983251655474305,3
127965,0.0013644706923514605,0.0015610781265422702,3
127966,0.0013644706923514605,0.0010935565223917365,3
127967,0.0013644706923514605,0.0012994413264095783,3
127968,0.0013644706923514605,0.0016065918607637286,3
127969,0.0013644706923514605,0.0025028071831911802,3
127970,0.0013644706923514605,0.0023465699050575495,3
127971,0.0013644706923514605,0.001842093886807561,3
127972,0.0013644706923514605,0.0011357254115864635,3
127973,0.0013644706923514605,0.0009660248761065304,3
127974,0.0013644706923514605,0.0009814281947910786,3
127975,0.0013644706923514605,0.0010202850680798292,3
127976,0.0013644706923514605,0.000959225813858211,3
127977,0.0013644706923514605,0.0010281482245773077,3
127978,0.0013644706923514605,0.001153864897787571,3
127979,0.0013644706923514605,0.001166841946542263,3
127980,0.0013644706923514605,0.0010286690667271614,3
127981,0.0013644706923514605,0.0008761237259022892,3
127982,0.0013644706923514605,0.0008762773359194398,3
127983,0.0013644706923514605,0.0007944328244775534,3
127984,0.0013644706923514605,0.0008810781291685998,3
127985,0.0013644706923514605,0.0008768616826273501,3
127986,0.0013644706923514605,0.000759330578148365,3
127987,0.0013644706923514605,0.0006788601749576628,3
127988,0.0013644706923514605,0.0006441966397687793,3
127989,0.0013644706923514605,0.0005751935532316566,3
127990,0.0013644706923514605,0.0006202392396517098,3
127991,0.0013644706923514605,0.0007994059124030173,3
127992,0.0013644706923514605,0.0007880611228756607,3
127993,0.0013644706923514605,0.0007869680412113667,3
127994,0.0013644706923514605,0.0006752389599569142,3
127995,0.0013644706923514605,0.0007284983294084668,3
127996,0.0013644706923514605,0.0008726047817617655,3
127997,0.0013644706923514605,0.0007074577151797712,3
127998,0.0013644706923514605,0.0005525760934688151,3
127999,0.0013644706923514605,0.0005671252147294581,3
128000,0.0013644706923514605,0.0013597067445516586,3
